"review_file","original_path","extension","bytes"
"BikeBrowserWorld__Assets__Backgrounds__backgrounds_contact_sheet.png","C:\dev\bikebrowser\BikeBrowserWorld\Assets\Backgrounds\backgrounds_contact_sheet.png",".png","326082"
"BikeBrowserWorld__Assets__Backgrounds__Derived__garage_floor_panel.png","C:\dev\bikebrowser\BikeBrowserWorld\Assets\Backgrounds\Derived\garage_floor_panel.png",".png","134198"
"BikeBrowserWorld__Assets__Backgrounds__Derived__garage_wall_panel.png","C:\dev\bikebrowser\BikeBrowserWorld\Assets\Backgrounds\Derived\garage_wall_panel.png",".png","423993"
"BikeBrowserWorld__Assets__Backgrounds__Derived__neighborhood_bottom_sidewalk_panel_v2.png","C:\dev\bikebrowser\BikeBrowserWorld\Assets\Backgrounds\Derived\neighborhood_bottom_sidewalk_panel_v2.png",".png","70304"
"BikeBrowserWorld__Assets__Backgrounds__Derived__neighborhood_driveway_panel_v2.png","C:\dev\bikebrowser\BikeBrowserWorld\Assets\Backgrounds\Derived\neighborhood_driveway_panel_v2.png",".png","15735"
"BikeBrowserWorld__Assets__Backgrounds__Derived__neighborhood_driveway_panel.png","C:\dev\bikebrowser\BikeBrowserWorld\Assets\Backgrounds\Derived\neighborhood_driveway_panel.png",".png","21284"
"BikeBrowserWorld__Assets__Backgrounds__Derived__neighborhood_dusk_mountains_panel.png","C:\dev\bikebrowser\BikeBrowserWorld\Assets\Backgrounds\Derived\neighborhood_dusk_mountains_panel.png",".png","2641"
"BikeBrowserWorld__Assets__Backgrounds__Derived__neighborhood_road_panel_v2.png","C:\dev\bikebrowser\BikeBrowserWorld\Assets\Backgrounds\Derived\neighborhood_road_panel_v2.png",".png","296800"
"BikeBrowserWorld__Assets__Backgrounds__Derived__neighborhood_road_panel.png","C:\dev\bikebrowser\BikeBrowserWorld\Assets\Backgrounds\Derived\neighborhood_road_panel.png",".png","44536"
"BikeBrowserWorld__Assets__Backgrounds__Derived__neighborhood_sidewalk_panel.png","C:\dev\bikebrowser\BikeBrowserWorld\Assets\Backgrounds\Derived\neighborhood_sidewalk_panel.png",".png","5507"
"BikeBrowserWorld__Assets__Backgrounds__Derived__neighborhood_top_sidewalk_panel_v2.png","C:\dev\bikebrowser\BikeBrowserWorld\Assets\Backgrounds\Derived\neighborhood_top_sidewalk_panel_v2.png",".png","74700"
"BikeBrowserWorld__Assets__Backgrounds__Derived__neighborhood_yard_ground_panel_v2.png","C:\dev\bikebrowser\BikeBrowserWorld\Assets\Backgrounds\Derived\neighborhood_yard_ground_panel_v2.png",".png","1239470"
"BikeBrowserWorld__Assets__Backgrounds__Derived__NeighborhoodFoundation__asphalt_lane_stripe_tile.png","C:\dev\bikebrowser\BikeBrowserWorld\Assets\Backgrounds\Derived\NeighborhoodFoundation\asphalt_lane_stripe_tile.png",".png","32559"
"BikeBrowserWorld__Assets__Backgrounds__Derived__NeighborhoodFoundation__asphalt_straight_tile.png","C:\dev\bikebrowser\BikeBrowserWorld\Assets\Backgrounds\Derived\NeighborhoodFoundation\asphalt_straight_tile.png",".png","33209"
"BikeBrowserWorld__Assets__Backgrounds__Derived__NeighborhoodFoundation__asphalt_variation_1.png","C:\dev\bikebrowser\BikeBrowserWorld\Assets\Backgrounds\Derived\NeighborhoodFoundation\asphalt_variation_1.png",".png","32916"
"BikeBrowserWorld__Assets__Backgrounds__Derived__NeighborhoodFoundation__asphalt_variation_2.png","C:\dev\bikebrowser\BikeBrowserWorld\Assets\Backgrounds\Derived\NeighborhoodFoundation\asphalt_variation_2.png",".png","33221"
"BikeBrowserWorld__Assets__Backgrounds__Derived__NeighborhoodFoundation__asphalt_variation_3.png","C:\dev\bikebrowser\BikeBrowserWorld\Assets\Backgrounds\Derived\NeighborhoodFoundation\asphalt_variation_3.png",".png","33043"
"BikeBrowserWorld__Assets__Backgrounds__Derived__NeighborhoodFoundation__cinematic_focus_flow_overlay.png","C:\dev\bikebrowser\BikeBrowserWorld\Assets\Backgrounds\Derived\NeighborhoodFoundation\cinematic_focus_flow_overlay.png",".png","155333"
"BikeBrowserWorld__Assets__Backgrounds__Derived__NeighborhoodFoundation__curb_depth_integration_overlay.png","C:\dev\bikebrowser\BikeBrowserWorld\Assets\Backgrounds\Derived\NeighborhoodFoundation\curb_depth_integration_overlay.png",".png","10991"
"BikeBrowserWorld__Assets__Backgrounds__Derived__NeighborhoodFoundation__driveway_concrete_texture.png","C:\dev\bikebrowser\BikeBrowserWorld\Assets\Backgrounds\Derived\NeighborhoodFoundation\driveway_concrete_texture.png",".png","15787"
"BikeBrowserWorld__Assets__Backgrounds__Derived__NeighborhoodFoundation__driveway_intersection_tile.png","C:\dev\bikebrowser\BikeBrowserWorld\Assets\Backgrounds\Derived\NeighborhoodFoundation\driveway_intersection_tile.png",".png","13776"
"BikeBrowserWorld__Assets__Backgrounds__Derived__NeighborhoodFoundation__house_grounding_integration_overlay.png","C:\dev\bikebrowser\BikeBrowserWorld\Assets\Backgrounds\Derived\NeighborhoodFoundation\house_grounding_integration_overlay.png",".png","82047"
"BikeBrowserWorld__Assets__Backgrounds__Derived__NeighborhoodFoundation__prop_grounding_contact_overlay.png","C:\dev\bikebrowser\BikeBrowserWorld\Assets\Backgrounds\Derived\NeighborhoodFoundation\prop_grounding_contact_overlay.png",".png","50198"
"BikeBrowserWorld__Assets__Backgrounds__Derived__NeighborhoodFoundation__road_edge_bottom_curb_tile.png","C:\dev\bikebrowser\BikeBrowserWorld\Assets\Backgrounds\Derived\NeighborhoodFoundation\road_edge_bottom_curb_tile.png",".png","27521"
"BikeBrowserWorld__Assets__Backgrounds__Derived__NeighborhoodFoundation__road_edge_top_curb_tile.png","C:\dev\bikebrowser\BikeBrowserWorld\Assets\Backgrounds\Derived\NeighborhoodFoundation\road_edge_top_curb_tile.png",".png","27531"
"BikeBrowserWorld__Assets__Backgrounds__Derived__NeighborhoodFoundation__sidewalk_corner_transition.png","C:\dev\bikebrowser\BikeBrowserWorld\Assets\Backgrounds\Derived\NeighborhoodFoundation\sidewalk_corner_transition.png",".png","19538"
"BikeBrowserWorld__Assets__Backgrounds__Derived__NeighborhoodFoundation__sidewalk_driveway_cut.png","C:\dev\bikebrowser\BikeBrowserWorld\Assets\Backgrounds\Derived\NeighborhoodFoundation\sidewalk_driveway_cut.png",".png","6910"
"BikeBrowserWorld__Assets__Backgrounds__Derived__NeighborhoodFoundation__sidewalk_seam_variation.png","C:\dev\bikebrowser\BikeBrowserWorld\Assets\Backgrounds\Derived\NeighborhoodFoundation\sidewalk_seam_variation.png",".png","8027"
"BikeBrowserWorld__Assets__Backgrounds__Derived__NeighborhoodFoundation__sidewalk_tile_bottom_curb.png","C:\dev\bikebrowser\BikeBrowserWorld\Assets\Backgrounds\Derived\NeighborhoodFoundation\sidewalk_tile_bottom_curb.png",".png","8057"
"BikeBrowserWorld__Assets__Backgrounds__Derived__NeighborhoodFoundation__sidewalk_tile_top_curb.png","C:\dev\bikebrowser\BikeBrowserWorld\Assets\Backgrounds\Derived\NeighborhoodFoundation\sidewalk_tile_top_curb.png",".png","7595"
"BikeBrowserWorld__Assets__Backgrounds__Derived__NeighborhoodFoundation__silhouette_readability_ground_overlay.png","C:\dev\bikebrowser\BikeBrowserWorld\Assets\Backgrounds\Derived\NeighborhoodFoundation\silhouette_readability_ground_overlay.png",".png","77076"
"BikeBrowserWorld__Assets__Backgrounds__Derived__NeighborhoodFoundation__soft_road_shadow_overlay.png","C:\dev\bikebrowser\BikeBrowserWorld\Assets\Backgrounds\Derived\NeighborhoodFoundation\soft_road_shadow_overlay.png",".png","1376"
"BikeBrowserWorld__Assets__Backgrounds__Derived__NeighborhoodFoundation__street_rhythm_composition_overlay.png","C:\dev\bikebrowser\BikeBrowserWorld\Assets\Backgrounds\Derived\NeighborhoodFoundation\street_rhythm_composition_overlay.png",".png","136719"
"BikeBrowserWorld__Assets__Backgrounds__Derived__NeighborhoodFoundation__warm_dusk_light_flow_overlay.png","C:\dev\bikebrowser\BikeBrowserWorld\Assets\Backgrounds\Derived\NeighborhoodFoundation\warm_dusk_light_flow_overlay.png",".png","53299"
"BikeBrowserWorld__Assets__Backgrounds__Derived__soft_shadow_large.png","C:\dev\bikebrowser\BikeBrowserWorld\Assets\Backgrounds\Derived\soft_shadow_large.png",".png","7426"
"BikeBrowserWorld__Assets__Backgrounds__Derived__soft_shadow_medium.png","C:\dev\bikebrowser\BikeBrowserWorld\Assets\Backgrounds\Derived\soft_shadow_medium.png",".png","4119"
"BikeBrowserWorld__Assets__Backgrounds__Derived__soft_shadow_small.png","C:\dev\bikebrowser\BikeBrowserWorld\Assets\Backgrounds\Derived\soft_shadow_small.png",".png","2230"
"BikeBrowserWorld__Assets__Backgrounds__desert_ground_tile.png","C:\dev\bikebrowser\BikeBrowserWorld\Assets\Backgrounds\desert_ground_tile.png",".png","21407"
"BikeBrowserWorld__Assets__Backgrounds__desert_sky_day.png","C:\dev\bikebrowser\BikeBrowserWorld\Assets\Backgrounds\desert_sky_day.png",".png","1793258"
"BikeBrowserWorld__Assets__Backgrounds__desert_sky_dusk.png","C:\dev\bikebrowser\BikeBrowserWorld\Assets\Backgrounds\desert_sky_dusk.png",".png","1625325"
"BikeBrowserWorld__Assets__Backgrounds__desert_sky_night.png","C:\dev\bikebrowser\BikeBrowserWorld\Assets\Backgrounds\desert_sky_night.png",".png","1752633"
"BikeBrowserWorld__Assets__Backgrounds__garage_ceiling.png","C:\dev\bikebrowser\BikeBrowserWorld\Assets\Backgrounds\garage_ceiling.png",".png","411118"
"BikeBrowserWorld__Assets__Backgrounds__garage_floor_tile.png","C:\dev\bikebrowser\BikeBrowserWorld\Assets\Backgrounds\garage_floor_tile.png",".png","17481"
"BikeBrowserWorld__Assets__Backgrounds__garage_interior_wall.png","C:\dev\bikebrowser\BikeBrowserWorld\Assets\Backgrounds\garage_interior_wall.png",".png","1804607"
"BikeBrowserWorld__Assets__Backgrounds__lab_floor_tile.png","C:\dev\bikebrowser\BikeBrowserWorld\Assets\Backgrounds\lab_floor_tile.png",".png","15759"
"BikeBrowserWorld__Assets__Backgrounds__lab_interior_wall.png","C:\dev\bikebrowser\BikeBrowserWorld\Assets\Backgrounds\lab_interior_wall.png",".png","1552582"
"BikeBrowserWorld__Assets__Backgrounds__mine_floor_tile.png","C:\dev\bikebrowser\BikeBrowserWorld\Assets\Backgrounds\mine_floor_tile.png",".png","20436"
"BikeBrowserWorld__Assets__Backgrounds__mine_interior_wall.png","C:\dev\bikebrowser\BikeBrowserWorld\Assets\Backgrounds\mine_interior_wall.png",".png","1997898"
"BikeBrowserWorld__Assets__Backgrounds__mountain_silhouette_back.png","C:\dev\bikebrowser\BikeBrowserWorld\Assets\Backgrounds\mountain_silhouette_back.png",".png","369893"
"BikeBrowserWorld__Assets__Backgrounds__mountain_silhouette_mid.png","C:\dev\bikebrowser\BikeBrowserWorld\Assets\Backgrounds\mountain_silhouette_mid.png",".png","493320"
"BikeBrowserWorld__Assets__Backgrounds__pavement_sidewalk_tile.png","C:\dev\bikebrowser\BikeBrowserWorld\Assets\Backgrounds\pavement_sidewalk_tile.png",".png","17518"
"BikeBrowserWorld__Assets__Backgrounds__Raw__backgrounds_atlas_raw.png","C:\dev\bikebrowser\BikeBrowserWorld\Assets\Backgrounds\Raw\backgrounds_atlas_raw.png",".png","2776457"
"BikeBrowserWorld__Assets__Backgrounds__river_backdrop.png","C:\dev\bikebrowser\BikeBrowserWorld\Assets\Backgrounds\river_backdrop.png",".png","2062043"
"BikeBrowserWorld__Assets__Backgrounds__road_asphalt_tile.png","C:\dev\bikebrowser\BikeBrowserWorld\Assets\Backgrounds\road_asphalt_tile.png",".png","18036"
"BikeBrowserWorld__Assets__Characters__Charlie__Charlie_idle__Charlie_idle-1.png","C:\dev\bikebrowser\BikeBrowserWorld\Assets\Characters\Charlie\Charlie_idle\Charlie_idle-1.png",".png","9098"
"BikeBrowserWorld__Assets__Characters__Charlie__Charlie_idle__Charlie_idle-10.png","C:\dev\bikebrowser\BikeBrowserWorld\Assets\Characters\Charlie\Charlie_idle\Charlie_idle-10.png",".png","8598"
"BikeBrowserWorld__Assets__Characters__Charlie__Charlie_idle__Charlie_idle-11.png","C:\dev\bikebrowser\BikeBrowserWorld\Assets\Characters\Charlie\Charlie_idle\Charlie_idle-11.png",".png","8698"
"BikeBrowserWorld__Assets__Characters__Charlie__Charlie_idle__Charlie_idle-12.png","C:\dev\bikebrowser\BikeBrowserWorld\Assets\Characters\Charlie\Charlie_idle\Charlie_idle-12.png",".png","8570"
"BikeBrowserWorld__Assets__Characters__Charlie__Charlie_idle__Charlie_idle-13.png","C:\dev\bikebrowser\BikeBrowserWorld\Assets\Characters\Charlie\Charlie_idle\Charlie_idle-13.png",".png","8192"
"BikeBrowserWorld__Assets__Characters__Charlie__Charlie_idle__Charlie_idle-14.png","C:\dev\bikebrowser\BikeBrowserWorld\Assets\Characters\Charlie\Charlie_idle\Charlie_idle-14.png",".png","8156"
"BikeBrowserWorld__Assets__Characters__Charlie__Charlie_idle__Charlie_idle-15.png","C:\dev\bikebrowser\BikeBrowserWorld\Assets\Characters\Charlie\Charlie_idle\Charlie_idle-15.png",".png","7868"
"BikeBrowserWorld__Assets__Characters__Charlie__Charlie_idle__Charlie_idle-16.png","C:\dev\bikebrowser\BikeBrowserWorld\Assets\Characters\Charlie\Charlie_idle\Charlie_idle-16.png",".png","8170"
"BikeBrowserWorld__Assets__Characters__Charlie__Charlie_idle__Charlie_idle-2.png","C:\dev\bikebrowser\BikeBrowserWorld\Assets\Characters\Charlie\Charlie_idle\Charlie_idle-2.png",".png","9198"
"BikeBrowserWorld__Assets__Characters__Charlie__Charlie_idle__Charlie_idle-3.png","C:\dev\bikebrowser\BikeBrowserWorld\Assets\Characters\Charlie\Charlie_idle\Charlie_idle-3.png",".png","8883"
"BikeBrowserWorld__Assets__Characters__Charlie__Charlie_idle__Charlie_idle-4.png","C:\dev\bikebrowser\BikeBrowserWorld\Assets\Characters\Charlie\Charlie_idle\Charlie_idle-4.png",".png","9090"
"BikeBrowserWorld__Assets__Characters__Charlie__Charlie_idle__Charlie_idle-5.png","C:\dev\bikebrowser\BikeBrowserWorld\Assets\Characters\Charlie\Charlie_idle\Charlie_idle-5.png",".png","8626"
"BikeBrowserWorld__Assets__Characters__Charlie__Charlie_idle__Charlie_idle-6.png","C:\dev\bikebrowser\BikeBrowserWorld\Assets\Characters\Charlie\Charlie_idle\Charlie_idle-6.png",".png","8614"
"BikeBrowserWorld__Assets__Characters__Charlie__Charlie_idle__Charlie_idle-7.png","C:\dev\bikebrowser\BikeBrowserWorld\Assets\Characters\Charlie\Charlie_idle\Charlie_idle-7.png",".png","8777"
"BikeBrowserWorld__Assets__Characters__Charlie__Charlie_idle__Charlie_idle-8.png","C:\dev\bikebrowser\BikeBrowserWorld\Assets\Characters\Charlie\Charlie_idle\Charlie_idle-8.png",".png","8750"
"BikeBrowserWorld__Assets__Characters__Charlie__Charlie_idle__Charlie_idle-9.png","C:\dev\bikebrowser\BikeBrowserWorld\Assets\Characters\Charlie\Charlie_idle\Charlie_idle-9.png",".png","8484"
"BikeBrowserWorld__Assets__Characters__Charlie__Charlie_idle__raw-sheet-clean.png","C:\dev\bikebrowser\BikeBrowserWorld\Assets\Characters\Charlie\Charlie_idle\raw-sheet-clean.png",".png","1034838"
"BikeBrowserWorld__Assets__Characters__Charlie__Charlie_idle__raw-sheet.png","C:\dev\bikebrowser\BikeBrowserWorld\Assets\Characters\Charlie\Charlie_idle\raw-sheet.png",".png","1969571"
"BikeBrowserWorld__Assets__Characters__Charlie__Charlie_idle__sheet-transparent.png","C:\dev\bikebrowser\BikeBrowserWorld\Assets\Characters\Charlie\Charlie_idle\sheet-transparent.png",".png","123505"
"BikeBrowserWorld__Assets__Characters__Charlie__Charlie_idle.png","C:\dev\bikebrowser\BikeBrowserWorld\Assets\Characters\Charlie\Charlie_idle.png",".png","123505"
"BikeBrowserWorld__Assets__Characters__Charlie__Charlie_talk__Charlie_talk-1.png","C:\dev\bikebrowser\BikeBrowserWorld\Assets\Characters\Charlie\Charlie_talk\Charlie_talk-1.png",".png","9522"
"BikeBrowserWorld__Assets__Characters__Charlie__Charlie_talk__Charlie_talk-10.png","C:\dev\bikebrowser\BikeBrowserWorld\Assets\Characters\Charlie\Charlie_talk\Charlie_talk-10.png",".png","8835"
"BikeBrowserWorld__Assets__Characters__Charlie__Charlie_talk__Charlie_talk-11.png","C:\dev\bikebrowser\BikeBrowserWorld\Assets\Characters\Charlie\Charlie_talk\Charlie_talk-11.png",".png","9093"
"BikeBrowserWorld__Assets__Characters__Charlie__Charlie_talk__Charlie_talk-12.png","C:\dev\bikebrowser\BikeBrowserWorld\Assets\Characters\Charlie\Charlie_talk\Charlie_talk-12.png",".png","8546"
"BikeBrowserWorld__Assets__Characters__Charlie__Charlie_talk__Charlie_talk-13.png","C:\dev\bikebrowser\BikeBrowserWorld\Assets\Characters\Charlie\Charlie_talk\Charlie_talk-13.png",".png","8212"
"BikeBrowserWorld__Assets__Characters__Charlie__Charlie_talk__Charlie_talk-14.png","C:\dev\bikebrowser\BikeBrowserWorld\Assets\Characters\Charlie\Charlie_talk\Charlie_talk-14.png",".png","8553"
"BikeBrowserWorld__Assets__Characters__Charlie__Charlie_talk__Charlie_talk-15.png","C:\dev\bikebrowser\BikeBrowserWorld\Assets\Characters\Charlie\Charlie_talk\Charlie_talk-15.png",".png","8703"
"BikeBrowserWorld__Assets__Characters__Charlie__Charlie_talk__Charlie_talk-16.png","C:\dev\bikebrowser\BikeBrowserWorld\Assets\Characters\Charlie\Charlie_talk\Charlie_talk-16.png",".png","8377"
"BikeBrowserWorld__Assets__Characters__Charlie__Charlie_talk__Charlie_talk-2.png","C:\dev\bikebrowser\BikeBrowserWorld\Assets\Characters\Charlie\Charlie_talk\Charlie_talk-2.png",".png","9759"
"BikeBrowserWorld__Assets__Characters__Charlie__Charlie_talk__Charlie_talk-3.png","C:\dev\bikebrowser\BikeBrowserWorld\Assets\Characters\Charlie\Charlie_talk\Charlie_talk-3.png",".png","10042"
"BikeBrowserWorld__Assets__Characters__Charlie__Charlie_talk__Charlie_talk-4.png","C:\dev\bikebrowser\BikeBrowserWorld\Assets\Characters\Charlie\Charlie_talk\Charlie_talk-4.png",".png","9553"
"BikeBrowserWorld__Assets__Characters__Charlie__Charlie_talk__Charlie_talk-5.png","C:\dev\bikebrowser\BikeBrowserWorld\Assets\Characters\Charlie\Charlie_talk\Charlie_talk-5.png",".png","8474"
"BikeBrowserWorld__Assets__Characters__Charlie__Charlie_talk__Charlie_talk-6.png","C:\dev\bikebrowser\BikeBrowserWorld\Assets\Characters\Charlie\Charlie_talk\Charlie_talk-6.png",".png","8764"
"BikeBrowserWorld__Assets__Characters__Charlie__Charlie_talk__Charlie_talk-7.png","C:\dev\bikebrowser\BikeBrowserWorld\Assets\Characters\Charlie\Charlie_talk\Charlie_talk-7.png",".png","9201"
"BikeBrowserWorld__Assets__Characters__Charlie__Charlie_talk__Charlie_talk-8.png","C:\dev\bikebrowser\BikeBrowserWorld\Assets\Characters\Charlie\Charlie_talk\Charlie_talk-8.png",".png","8583"
"BikeBrowserWorld__Assets__Characters__Charlie__Charlie_talk__Charlie_talk-9.png","C:\dev\bikebrowser\BikeBrowserWorld\Assets\Characters\Charlie\Charlie_talk\Charlie_talk-9.png",".png","8512"
"BikeBrowserWorld__Assets__Characters__Charlie__Charlie_talk__raw-sheet-clean.png","C:\dev\bikebrowser\BikeBrowserWorld\Assets\Characters\Charlie\Charlie_talk\raw-sheet-clean.png",".png","1041881"
"BikeBrowserWorld__Assets__Characters__Charlie__Charlie_talk__raw-sheet.png","C:\dev\bikebrowser\BikeBrowserWorld\Assets\Characters\Charlie\Charlie_talk\raw-sheet.png",".png","2001244"
"BikeBrowserWorld__Assets__Characters__Charlie__Charlie_talk__sheet-transparent.png","C:\dev\bikebrowser\BikeBrowserWorld\Assets\Characters\Charlie\Charlie_talk\sheet-transparent.png",".png","128518"
"BikeBrowserWorld__Assets__Characters__Charlie__Charlie_talk.png","C:\dev\bikebrowser\BikeBrowserWorld\Assets\Characters\Charlie\Charlie_talk.png",".png","128518"
"BikeBrowserWorld__Assets__Characters__Cole__Cole_idle__Cole_idle-1.png","C:\dev\bikebrowser\BikeBrowserWorld\Assets\Characters\Cole\Cole_idle\Cole_idle-1.png",".png","9582"
"BikeBrowserWorld__Assets__Characters__Cole__Cole_idle__Cole_idle-10.png","C:\dev\bikebrowser\BikeBrowserWorld\Assets\Characters\Cole\Cole_idle\Cole_idle-10.png",".png","8696"
"BikeBrowserWorld__Assets__Characters__Cole__Cole_idle__Cole_idle-11.png","C:\dev\bikebrowser\BikeBrowserWorld\Assets\Characters\Cole\Cole_idle\Cole_idle-11.png",".png","8649"
"BikeBrowserWorld__Assets__Characters__Cole__Cole_idle__Cole_idle-12.png","C:\dev\bikebrowser\BikeBrowserWorld\Assets\Characters\Cole\Cole_idle\Cole_idle-12.png",".png","8593"
"BikeBrowserWorld__Assets__Characters__Cole__Cole_idle__Cole_idle-13.png","C:\dev\bikebrowser\BikeBrowserWorld\Assets\Characters\Cole\Cole_idle\Cole_idle-13.png",".png","8295"
"BikeBrowserWorld__Assets__Characters__Cole__Cole_idle__Cole_idle-14.png","C:\dev\bikebrowser\BikeBrowserWorld\Assets\Characters\Cole\Cole_idle\Cole_idle-14.png",".png","8169"
"BikeBrowserWorld__Assets__Characters__Cole__Cole_idle__Cole_idle-15.png","C:\dev\bikebrowser\BikeBrowserWorld\Assets\Characters\Cole\Cole_idle\Cole_idle-15.png",".png","8273"
"BikeBrowserWorld__Assets__Characters__Cole__Cole_idle__Cole_idle-16.png","C:\dev\bikebrowser\BikeBrowserWorld\Assets\Characters\Cole\Cole_idle\Cole_idle-16.png",".png","8210"
"BikeBrowserWorld__Assets__Characters__Cole__Cole_idle__Cole_idle-2.png","C:\dev\bikebrowser\BikeBrowserWorld\Assets\Characters\Cole\Cole_idle\Cole_idle-2.png",".png","9649"
"BikeBrowserWorld__Assets__Characters__Cole__Cole_idle__Cole_idle-3.png","C:\dev\bikebrowser\BikeBrowserWorld\Assets\Characters\Cole\Cole_idle\Cole_idle-3.png",".png","9606"
"BikeBrowserWorld__Assets__Characters__Cole__Cole_idle__Cole_idle-4.png","C:\dev\bikebrowser\BikeBrowserWorld\Assets\Characters\Cole\Cole_idle\Cole_idle-4.png",".png","9406"
"BikeBrowserWorld__Assets__Characters__Cole__Cole_idle__Cole_idle-5.png","C:\dev\bikebrowser\BikeBrowserWorld\Assets\Characters\Cole\Cole_idle\Cole_idle-5.png",".png","8808"
"BikeBrowserWorld__Assets__Characters__Cole__Cole_idle__Cole_idle-6.png","C:\dev\bikebrowser\BikeBrowserWorld\Assets\Characters\Cole\Cole_idle\Cole_idle-6.png",".png","8785"
"BikeBrowserWorld__Assets__Characters__Cole__Cole_idle__Cole_idle-7.png","C:\dev\bikebrowser\BikeBrowserWorld\Assets\Characters\Cole\Cole_idle\Cole_idle-7.png",".png","8890"
"BikeBrowserWorld__Assets__Characters__Cole__Cole_idle__Cole_idle-8.png","C:\dev\bikebrowser\BikeBrowserWorld\Assets\Characters\Cole\Cole_idle\Cole_idle-8.png",".png","8864"
"BikeBrowserWorld__Assets__Characters__Cole__Cole_idle__Cole_idle-9.png","C:\dev\bikebrowser\BikeBrowserWorld\Assets\Characters\Cole\Cole_idle\Cole_idle-9.png",".png","8612"
"BikeBrowserWorld__Assets__Characters__Cole__Cole_idle__raw-sheet-clean.png","C:\dev\bikebrowser\BikeBrowserWorld\Assets\Characters\Cole\Cole_idle\raw-sheet-clean.png",".png","984963"
"BikeBrowserWorld__Assets__Characters__Cole__Cole_idle__raw-sheet.png","C:\dev\bikebrowser\BikeBrowserWorld\Assets\Characters\Cole\Cole_idle\raw-sheet.png",".png","1932421"
"BikeBrowserWorld__Assets__Characters__Cole__Cole_idle__sheet-transparent.png","C:\dev\bikebrowser\BikeBrowserWorld\Assets\Characters\Cole\Cole_idle\sheet-transparent.png",".png","126813"
"BikeBrowserWorld__Assets__Characters__Cole__Cole_idle.png","C:\dev\bikebrowser\BikeBrowserWorld\Assets\Characters\Cole\Cole_idle.png",".png","126813"
"BikeBrowserWorld__Assets__Characters__Cole__Cole_talk__Cole_talk-1.png","C:\dev\bikebrowser\BikeBrowserWorld\Assets\Characters\Cole\Cole_talk\Cole_talk-1.png",".png","9286"
"BikeBrowserWorld__Assets__Characters__Cole__Cole_talk__Cole_talk-10.png","C:\dev\bikebrowser\BikeBrowserWorld\Assets\Characters\Cole\Cole_talk\Cole_talk-10.png",".png","9018"
"BikeBrowserWorld__Assets__Characters__Cole__Cole_talk__Cole_talk-11.png","C:\dev\bikebrowser\BikeBrowserWorld\Assets\Characters\Cole\Cole_talk\Cole_talk-11.png",".png","8892"
"BikeBrowserWorld__Assets__Characters__Cole__Cole_talk__Cole_talk-12.png","C:\dev\bikebrowser\BikeBrowserWorld\Assets\Characters\Cole\Cole_talk\Cole_talk-12.png",".png","9036"
"BikeBrowserWorld__Assets__Characters__Cole__Cole_talk__Cole_talk-13.png","C:\dev\bikebrowser\BikeBrowserWorld\Assets\Characters\Cole\Cole_talk\Cole_talk-13.png",".png","7635"
"BikeBrowserWorld__Assets__Characters__Cole__Cole_talk__Cole_talk-14.png","C:\dev\bikebrowser\BikeBrowserWorld\Assets\Characters\Cole\Cole_talk\Cole_talk-14.png",".png","8634"
"BikeBrowserWorld__Assets__Characters__Cole__Cole_talk__Cole_talk-15.png","C:\dev\bikebrowser\BikeBrowserWorld\Assets\Characters\Cole\Cole_talk\Cole_talk-15.png",".png","8362"
"BikeBrowserWorld__Assets__Characters__Cole__Cole_talk__Cole_talk-16.png","C:\dev\bikebrowser\BikeBrowserWorld\Assets\Characters\Cole\Cole_talk\Cole_talk-16.png",".png","8355"
"BikeBrowserWorld__Assets__Characters__Cole__Cole_talk__Cole_talk-2.png","C:\dev\bikebrowser\BikeBrowserWorld\Assets\Characters\Cole\Cole_talk\Cole_talk-2.png",".png","9933"
"BikeBrowserWorld__Assets__Characters__Cole__Cole_talk__Cole_talk-3.png","C:\dev\bikebrowser\BikeBrowserWorld\Assets\Characters\Cole\Cole_talk\Cole_talk-3.png",".png","9786"
"BikeBrowserWorld__Assets__Characters__Cole__Cole_talk__Cole_talk-4.png","C:\dev\bikebrowser\BikeBrowserWorld\Assets\Characters\Cole\Cole_talk\Cole_talk-4.png",".png","9674"
"BikeBrowserWorld__Assets__Characters__Cole__Cole_talk__Cole_talk-5.png","C:\dev\bikebrowser\BikeBrowserWorld\Assets\Characters\Cole\Cole_talk\Cole_talk-5.png",".png","8846"
"BikeBrowserWorld__Assets__Characters__Cole__Cole_talk__Cole_talk-6.png","C:\dev\bikebrowser\BikeBrowserWorld\Assets\Characters\Cole\Cole_talk\Cole_talk-6.png",".png","9275"
"BikeBrowserWorld__Assets__Characters__Cole__Cole_talk__Cole_talk-7.png","C:\dev\bikebrowser\BikeBrowserWorld\Assets\Characters\Cole\Cole_talk\Cole_talk-7.png",".png","9456"
"BikeBrowserWorld__Assets__Characters__Cole__Cole_talk__Cole_talk-8.png","C:\dev\bikebrowser\BikeBrowserWorld\Assets\Characters\Cole\Cole_talk\Cole_talk-8.png",".png","9242"
"BikeBrowserWorld__Assets__Characters__Cole__Cole_talk__Cole_talk-9.png","C:\dev\bikebrowser\BikeBrowserWorld\Assets\Characters\Cole\Cole_talk\Cole_talk-9.png",".png","8455"
"BikeBrowserWorld__Assets__Characters__Cole__Cole_talk__raw-sheet-clean.png","C:\dev\bikebrowser\BikeBrowserWorld\Assets\Characters\Cole\Cole_talk\raw-sheet-clean.png",".png","1021540"
"BikeBrowserWorld__Assets__Characters__Cole__Cole_talk__raw-sheet.png","C:\dev\bikebrowser\BikeBrowserWorld\Assets\Characters\Cole\Cole_talk\raw-sheet.png",".png","1967404"
"BikeBrowserWorld__Assets__Characters__Cole__Cole_talk__sheet-transparent.png","C:\dev\bikebrowser\BikeBrowserWorld\Assets\Characters\Cole\Cole_talk\sheet-transparent.png",".png","129323"
"BikeBrowserWorld__Assets__Characters__Cole__Cole_talk.png","C:\dev\bikebrowser\BikeBrowserWorld\Assets\Characters\Cole\Cole_talk.png",".png","129323"
"BikeBrowserWorld__Assets__Characters__DrMaya__DrMaya_idle__DrMaya_idle-1.png","C:\dev\bikebrowser\BikeBrowserWorld\Assets\Characters\DrMaya\DrMaya_idle\DrMaya_idle-1.png",".png","9345"
"BikeBrowserWorld__Assets__Characters__DrMaya__DrMaya_idle__DrMaya_idle-10.png","C:\dev\bikebrowser\BikeBrowserWorld\Assets\Characters\DrMaya\DrMaya_idle\DrMaya_idle-10.png",".png","8518"
"BikeBrowserWorld__Assets__Characters__DrMaya__DrMaya_idle__DrMaya_idle-11.png","C:\dev\bikebrowser\BikeBrowserWorld\Assets\Characters\DrMaya\DrMaya_idle\DrMaya_idle-11.png",".png","8694"
"BikeBrowserWorld__Assets__Characters__DrMaya__DrMaya_idle__DrMaya_idle-12.png","C:\dev\bikebrowser\BikeBrowserWorld\Assets\Characters\DrMaya\DrMaya_idle\DrMaya_idle-12.png",".png","8563"
"BikeBrowserWorld__Assets__Characters__DrMaya__DrMaya_idle__DrMaya_idle-13.png","C:\dev\bikebrowser\BikeBrowserWorld\Assets\Characters\DrMaya\DrMaya_idle\DrMaya_idle-13.png",".png","8309"
"BikeBrowserWorld__Assets__Characters__DrMaya__DrMaya_idle__DrMaya_idle-14.png","C:\dev\bikebrowser\BikeBrowserWorld\Assets\Characters\DrMaya\DrMaya_idle\DrMaya_idle-14.png",".png","8339"
"BikeBrowserWorld__Assets__Characters__DrMaya__DrMaya_idle__DrMaya_idle-15.png","C:\dev\bikebrowser\BikeBrowserWorld\Assets\Characters\DrMaya\DrMaya_idle\DrMaya_idle-15.png",".png","8386"
"BikeBrowserWorld__Assets__Characters__DrMaya__DrMaya_idle__DrMaya_idle-16.png","C:\dev\bikebrowser\BikeBrowserWorld\Assets\Characters\DrMaya\DrMaya_idle\DrMaya_idle-16.png",".png","8246"
"BikeBrowserWorld__Assets__Characters__DrMaya__DrMaya_idle__DrMaya_idle-2.png","C:\dev\bikebrowser\BikeBrowserWorld\Assets\Characters\DrMaya\DrMaya_idle\DrMaya_idle-2.png",".png","9333"
"BikeBrowserWorld__Assets__Characters__DrMaya__DrMaya_idle__DrMaya_idle-3.png","C:\dev\bikebrowser\BikeBrowserWorld\Assets\Characters\DrMaya\DrMaya_idle\DrMaya_idle-3.png",".png","9264"
"BikeBrowserWorld__Assets__Characters__DrMaya__DrMaya_idle__DrMaya_idle-4.png","C:\dev\bikebrowser\BikeBrowserWorld\Assets\Characters\DrMaya\DrMaya_idle\DrMaya_idle-4.png",".png","9165"
"BikeBrowserWorld__Assets__Characters__DrMaya__DrMaya_idle__DrMaya_idle-5.png","C:\dev\bikebrowser\BikeBrowserWorld\Assets\Characters\DrMaya\DrMaya_idle\DrMaya_idle-5.png",".png","8784"
"BikeBrowserWorld__Assets__Characters__DrMaya__DrMaya_idle__DrMaya_idle-6.png","C:\dev\bikebrowser\BikeBrowserWorld\Assets\Characters\DrMaya\DrMaya_idle\DrMaya_idle-6.png",".png","8562"
"BikeBrowserWorld__Assets__Characters__DrMaya__DrMaya_idle__DrMaya_idle-7.png","C:\dev\bikebrowser\BikeBrowserWorld\Assets\Characters\DrMaya\DrMaya_idle\DrMaya_idle-7.png",".png","8497"
"BikeBrowserWorld__Assets__Characters__DrMaya__DrMaya_idle__DrMaya_idle-8.png","C:\dev\bikebrowser\BikeBrowserWorld\Assets\Characters\DrMaya\DrMaya_idle\DrMaya_idle-8.png",".png","8490"
"BikeBrowserWorld__Assets__Characters__DrMaya__DrMaya_idle__DrMaya_idle-9.png","C:\dev\bikebrowser\BikeBrowserWorld\Assets\Characters\DrMaya\DrMaya_idle\DrMaya_idle-9.png",".png","8692"
"BikeBrowserWorld__Assets__Characters__DrMaya__DrMaya_idle__raw-sheet-clean.png","C:\dev\bikebrowser\BikeBrowserWorld\Assets\Characters\DrMaya\DrMaya_idle\raw-sheet-clean.png",".png","970202"
"BikeBrowserWorld__Assets__Characters__DrMaya__DrMaya_idle__raw-sheet.png","C:\dev\bikebrowser\BikeBrowserWorld\Assets\Characters\DrMaya\DrMaya_idle\raw-sheet.png",".png","1942708"
"BikeBrowserWorld__Assets__Characters__DrMaya__DrMaya_idle__sheet-transparent.png","C:\dev\bikebrowser\BikeBrowserWorld\Assets\Characters\DrMaya\DrMaya_idle\sheet-transparent.png",".png","125480"
"BikeBrowserWorld__Assets__Characters__DrMaya__DrMaya_idle.png","C:\dev\bikebrowser\BikeBrowserWorld\Assets\Characters\DrMaya\DrMaya_idle.png",".png","125480"
"BikeBrowserWorld__Assets__Characters__DrMaya__DrMaya_talk__DrMaya_talk-1.png","C:\dev\bikebrowser\BikeBrowserWorld\Assets\Characters\DrMaya\DrMaya_talk\DrMaya_talk-1.png",".png","9361"
"BikeBrowserWorld__Assets__Characters__DrMaya__DrMaya_talk__DrMaya_talk-10.png","C:\dev\bikebrowser\BikeBrowserWorld\Assets\Characters\DrMaya\DrMaya_talk\DrMaya_talk-10.png",".png","8131"
"BikeBrowserWorld__Assets__Characters__DrMaya__DrMaya_talk__DrMaya_talk-11.png","C:\dev\bikebrowser\BikeBrowserWorld\Assets\Characters\DrMaya\DrMaya_talk\DrMaya_talk-11.png",".png","8059"
"BikeBrowserWorld__Assets__Characters__DrMaya__DrMaya_talk__DrMaya_talk-12.png","C:\dev\bikebrowser\BikeBrowserWorld\Assets\Characters\DrMaya\DrMaya_talk\DrMaya_talk-12.png",".png","8090"
"BikeBrowserWorld__Assets__Characters__DrMaya__DrMaya_talk__DrMaya_talk-13.png","C:\dev\bikebrowser\BikeBrowserWorld\Assets\Characters\DrMaya\DrMaya_talk\DrMaya_talk-13.png",".png","8737"
"BikeBrowserWorld__Assets__Characters__DrMaya__DrMaya_talk__DrMaya_talk-14.png","C:\dev\bikebrowser\BikeBrowserWorld\Assets\Characters\DrMaya\DrMaya_talk\DrMaya_talk-14.png",".png","8725"
"BikeBrowserWorld__Assets__Characters__DrMaya__DrMaya_talk__DrMaya_talk-15.png","C:\dev\bikebrowser\BikeBrowserWorld\Assets\Characters\DrMaya\DrMaya_talk\DrMaya_talk-15.png",".png","8910"
"BikeBrowserWorld__Assets__Characters__DrMaya__DrMaya_talk__DrMaya_talk-16.png","C:\dev\bikebrowser\BikeBrowserWorld\Assets\Characters\DrMaya\DrMaya_talk\DrMaya_talk-16.png",".png","8622"
"BikeBrowserWorld__Assets__Characters__DrMaya__DrMaya_talk__DrMaya_talk-2.png","C:\dev\bikebrowser\BikeBrowserWorld\Assets\Characters\DrMaya\DrMaya_talk\DrMaya_talk-2.png",".png","9883"
"BikeBrowserWorld__Assets__Characters__DrMaya__DrMaya_talk__DrMaya_talk-3.png","C:\dev\bikebrowser\BikeBrowserWorld\Assets\Characters\DrMaya\DrMaya_talk\DrMaya_talk-3.png",".png","9840"
"BikeBrowserWorld__Assets__Characters__DrMaya__DrMaya_talk__DrMaya_talk-4.png","C:\dev\bikebrowser\BikeBrowserWorld\Assets\Characters\DrMaya\DrMaya_talk\DrMaya_talk-4.png",".png","9771"
"BikeBrowserWorld__Assets__Characters__DrMaya__DrMaya_talk__DrMaya_talk-5.png","C:\dev\bikebrowser\BikeBrowserWorld\Assets\Characters\DrMaya\DrMaya_talk\DrMaya_talk-5.png",".png","7824"
"BikeBrowserWorld__Assets__Characters__DrMaya__DrMaya_talk__DrMaya_talk-6.png","C:\dev\bikebrowser\BikeBrowserWorld\Assets\Characters\DrMaya\DrMaya_talk\DrMaya_talk-6.png",".png","8220"
"BikeBrowserWorld__Assets__Characters__DrMaya__DrMaya_talk__DrMaya_talk-7.png","C:\dev\bikebrowser\BikeBrowserWorld\Assets\Characters\DrMaya\DrMaya_talk\DrMaya_talk-7.png",".png","8193"
"BikeBrowserWorld__Assets__Characters__DrMaya__DrMaya_talk__DrMaya_talk-8.png","C:\dev\bikebrowser\BikeBrowserWorld\Assets\Characters\DrMaya\DrMaya_talk\DrMaya_talk-8.png",".png","8213"
"BikeBrowserWorld__Assets__Characters__DrMaya__DrMaya_talk__DrMaya_talk-9.png","C:\dev\bikebrowser\BikeBrowserWorld\Assets\Characters\DrMaya\DrMaya_talk\DrMaya_talk-9.png",".png","7841"
"BikeBrowserWorld__Assets__Characters__DrMaya__DrMaya_talk__raw-sheet-clean.png","C:\dev\bikebrowser\BikeBrowserWorld\Assets\Characters\DrMaya\DrMaya_talk\raw-sheet-clean.png",".png","958869"
"BikeBrowserWorld__Assets__Characters__DrMaya__DrMaya_talk__raw-sheet.png","C:\dev\bikebrowser\BikeBrowserWorld\Assets\Characters\DrMaya\DrMaya_talk\raw-sheet.png",".png","1943246"
"BikeBrowserWorld__Assets__Characters__DrMaya__DrMaya_talk__sheet-transparent.png","C:\dev\bikebrowser\BikeBrowserWorld\Assets\Characters\DrMaya\DrMaya_talk\sheet-transparent.png",".png","124276"
"BikeBrowserWorld__Assets__Characters__DrMaya__DrMaya_talk.png","C:\dev\bikebrowser\BikeBrowserWorld\Assets\Characters\DrMaya\DrMaya_talk.png",".png","124276"
"BikeBrowserWorld__Assets__Characters__DrMaya__DrMaya_write__DrMaya_write-1.png","C:\dev\bikebrowser\BikeBrowserWorld\Assets\Characters\DrMaya\DrMaya_write\DrMaya_write-1.png",".png","9428"
"BikeBrowserWorld__Assets__Characters__DrMaya__DrMaya_write__DrMaya_write-10.png","C:\dev\bikebrowser\BikeBrowserWorld\Assets\Characters\DrMaya\DrMaya_write\DrMaya_write-10.png",".png","8551"
"BikeBrowserWorld__Assets__Characters__DrMaya__DrMaya_write__DrMaya_write-11.png","C:\dev\bikebrowser\BikeBrowserWorld\Assets\Characters\DrMaya\DrMaya_write\DrMaya_write-11.png",".png","8502"
"BikeBrowserWorld__Assets__Characters__DrMaya__DrMaya_write__DrMaya_write-12.png","C:\dev\bikebrowser\BikeBrowserWorld\Assets\Characters\DrMaya\DrMaya_write\DrMaya_write-12.png",".png","8551"
"BikeBrowserWorld__Assets__Characters__DrMaya__DrMaya_write__DrMaya_write-13.png","C:\dev\bikebrowser\BikeBrowserWorld\Assets\Characters\DrMaya\DrMaya_write\DrMaya_write-13.png",".png","8225"
"BikeBrowserWorld__Assets__Characters__DrMaya__DrMaya_write__DrMaya_write-14.png","C:\dev\bikebrowser\BikeBrowserWorld\Assets\Characters\DrMaya\DrMaya_write\DrMaya_write-14.png",".png","8277"
"BikeBrowserWorld__Assets__Characters__DrMaya__DrMaya_write__DrMaya_write-15.png","C:\dev\bikebrowser\BikeBrowserWorld\Assets\Characters\DrMaya\DrMaya_write\DrMaya_write-15.png",".png","8275"
"BikeBrowserWorld__Assets__Characters__DrMaya__DrMaya_write__DrMaya_write-16.png","C:\dev\bikebrowser\BikeBrowserWorld\Assets\Characters\DrMaya\DrMaya_write\DrMaya_write-16.png",".png","8267"
"BikeBrowserWorld__Assets__Characters__DrMaya__DrMaya_write__DrMaya_write-2.png","C:\dev\bikebrowser\BikeBrowserWorld\Assets\Characters\DrMaya\DrMaya_write\DrMaya_write-2.png",".png","9507"
"BikeBrowserWorld__Assets__Characters__DrMaya__DrMaya_write__DrMaya_write-3.png","C:\dev\bikebrowser\BikeBrowserWorld\Assets\Characters\DrMaya\DrMaya_write\DrMaya_write-3.png",".png","9344"
"BikeBrowserWorld__Assets__Characters__DrMaya__DrMaya_write__DrMaya_write-4.png","C:\dev\bikebrowser\BikeBrowserWorld\Assets\Characters\DrMaya\DrMaya_write\DrMaya_write-4.png",".png","9494"
"BikeBrowserWorld__Assets__Characters__DrMaya__DrMaya_write__DrMaya_write-5.png","C:\dev\bikebrowser\BikeBrowserWorld\Assets\Characters\DrMaya\DrMaya_write\DrMaya_write-5.png",".png","8705"
"BikeBrowserWorld__Assets__Characters__DrMaya__DrMaya_write__DrMaya_write-6.png","C:\dev\bikebrowser\BikeBrowserWorld\Assets\Characters\DrMaya\DrMaya_write\DrMaya_write-6.png",".png","8432"
"BikeBrowserWorld__Assets__Characters__DrMaya__DrMaya_write__DrMaya_write-7.png","C:\dev\bikebrowser\BikeBrowserWorld\Assets\Characters\DrMaya\DrMaya_write\DrMaya_write-7.png",".png","8497"
"BikeBrowserWorld__Assets__Characters__DrMaya__DrMaya_write__DrMaya_write-8.png","C:\dev\bikebrowser\BikeBrowserWorld\Assets\Characters\DrMaya\DrMaya_write\DrMaya_write-8.png",".png","8354"
"BikeBrowserWorld__Assets__Characters__DrMaya__DrMaya_write__DrMaya_write-9.png","C:\dev\bikebrowser\BikeBrowserWorld\Assets\Characters\DrMaya\DrMaya_write\DrMaya_write-9.png",".png","8465"
"BikeBrowserWorld__Assets__Characters__DrMaya__DrMaya_write__raw-sheet-clean.png","C:\dev\bikebrowser\BikeBrowserWorld\Assets\Characters\DrMaya\DrMaya_write\raw-sheet-clean.png",".png","1019475"
"BikeBrowserWorld__Assets__Characters__DrMaya__DrMaya_write__raw-sheet.png","C:\dev\bikebrowser\BikeBrowserWorld\Assets\Characters\DrMaya\DrMaya_write\raw-sheet.png",".png","1990761"
"BikeBrowserWorld__Assets__Characters__DrMaya__DrMaya_write__sheet-transparent.png","C:\dev\bikebrowser\BikeBrowserWorld\Assets\Characters\DrMaya\DrMaya_write\sheet-transparent.png",".png","125038"
"BikeBrowserWorld__Assets__Characters__DrMaya__DrMaya_write.png","C:\dev\bikebrowser\BikeBrowserWorld\Assets\Characters\DrMaya\DrMaya_write.png",".png","125038"
"BikeBrowserWorld__Assets__Characters__Jacob__Jacob_idle__Jacob_idle-1.png","C:\dev\bikebrowser\BikeBrowserWorld\Assets\Characters\Jacob\Jacob_idle\Jacob_idle-1.png",".png","8641"
"BikeBrowserWorld__Assets__Characters__Jacob__Jacob_idle__Jacob_idle-10.png","C:\dev\bikebrowser\BikeBrowserWorld\Assets\Characters\Jacob\Jacob_idle\Jacob_idle-10.png",".png","8168"
"BikeBrowserWorld__Assets__Characters__Jacob__Jacob_idle__Jacob_idle-11.png","C:\dev\bikebrowser\BikeBrowserWorld\Assets\Characters\Jacob\Jacob_idle\Jacob_idle-11.png",".png","8136"
"BikeBrowserWorld__Assets__Characters__Jacob__Jacob_idle__Jacob_idle-12.png","C:\dev\bikebrowser\BikeBrowserWorld\Assets\Characters\Jacob\Jacob_idle\Jacob_idle-12.png",".png","8263"
"BikeBrowserWorld__Assets__Characters__Jacob__Jacob_idle__Jacob_idle-13.png","C:\dev\bikebrowser\BikeBrowserWorld\Assets\Characters\Jacob\Jacob_idle\Jacob_idle-13.png",".png","7898"
"BikeBrowserWorld__Assets__Characters__Jacob__Jacob_idle__Jacob_idle-14.png","C:\dev\bikebrowser\BikeBrowserWorld\Assets\Characters\Jacob\Jacob_idle\Jacob_idle-14.png",".png","7983"
"BikeBrowserWorld__Assets__Characters__Jacob__Jacob_idle__Jacob_idle-15.png","C:\dev\bikebrowser\BikeBrowserWorld\Assets\Characters\Jacob\Jacob_idle\Jacob_idle-15.png",".png","7952"
"BikeBrowserWorld__Assets__Characters__Jacob__Jacob_idle__Jacob_idle-16.png","C:\dev\bikebrowser\BikeBrowserWorld\Assets\Characters\Jacob\Jacob_idle\Jacob_idle-16.png",".png","7888"
"BikeBrowserWorld__Assets__Characters__Jacob__Jacob_idle__Jacob_idle-2.png","C:\dev\bikebrowser\BikeBrowserWorld\Assets\Characters\Jacob\Jacob_idle\Jacob_idle-2.png",".png","8573"
"BikeBrowserWorld__Assets__Characters__Jacob__Jacob_idle__Jacob_idle-3.png","C:\dev\bikebrowser\BikeBrowserWorld\Assets\Characters\Jacob\Jacob_idle\Jacob_idle-3.png",".png","8535"
"BikeBrowserWorld__Assets__Characters__Jacob__Jacob_idle__Jacob_idle-4.png","C:\dev\bikebrowser\BikeBrowserWorld\Assets\Characters\Jacob\Jacob_idle\Jacob_idle-4.png",".png","8589"
"BikeBrowserWorld__Assets__Characters__Jacob__Jacob_idle__Jacob_idle-5.png","C:\dev\bikebrowser\BikeBrowserWorld\Assets\Characters\Jacob\Jacob_idle\Jacob_idle-5.png",".png","8054"
"BikeBrowserWorld__Assets__Characters__Jacob__Jacob_idle__Jacob_idle-6.png","C:\dev\bikebrowser\BikeBrowserWorld\Assets\Characters\Jacob\Jacob_idle\Jacob_idle-6.png",".png","8017"
"BikeBrowserWorld__Assets__Characters__Jacob__Jacob_idle__Jacob_idle-7.png","C:\dev\bikebrowser\BikeBrowserWorld\Assets\Characters\Jacob\Jacob_idle\Jacob_idle-7.png",".png","8021"
"BikeBrowserWorld__Assets__Characters__Jacob__Jacob_idle__Jacob_idle-8.png","C:\dev\bikebrowser\BikeBrowserWorld\Assets\Characters\Jacob\Jacob_idle\Jacob_idle-8.png",".png","8055"
"BikeBrowserWorld__Assets__Characters__Jacob__Jacob_idle__Jacob_idle-9.png","C:\dev\bikebrowser\BikeBrowserWorld\Assets\Characters\Jacob\Jacob_idle\Jacob_idle-9.png",".png","8123"
"BikeBrowserWorld__Assets__Characters__Jacob__Jacob_idle__raw-sheet-clean.png","C:\dev\bikebrowser\BikeBrowserWorld\Assets\Characters\Jacob\Jacob_idle\raw-sheet-clean.png",".png","995711"
"BikeBrowserWorld__Assets__Characters__Jacob__Jacob_idle__raw-sheet.png","C:\dev\bikebrowser\BikeBrowserWorld\Assets\Characters\Jacob\Jacob_idle\raw-sheet.png",".png","1923877"
"BikeBrowserWorld__Assets__Characters__Jacob__Jacob_idle__sheet-transparent.png","C:\dev\bikebrowser\BikeBrowserWorld\Assets\Characters\Jacob\Jacob_idle\sheet-transparent.png",".png","117650"
"BikeBrowserWorld__Assets__Characters__Jacob__Jacob_idle.png","C:\dev\bikebrowser\BikeBrowserWorld\Assets\Characters\Jacob\Jacob_idle.png",".png","117650"
"BikeBrowserWorld__Assets__Characters__Jacob__Jacob_talk__Jacob_talk-1.png","C:\dev\bikebrowser\BikeBrowserWorld\Assets\Characters\Jacob\Jacob_talk\Jacob_talk-1.png",".png","8872"
"BikeBrowserWorld__Assets__Characters__Jacob__Jacob_talk__Jacob_talk-10.png","C:\dev\bikebrowser\BikeBrowserWorld\Assets\Characters\Jacob\Jacob_talk\Jacob_talk-10.png",".png","8738"
"BikeBrowserWorld__Assets__Characters__Jacob__Jacob_talk__Jacob_talk-11.png","C:\dev\bikebrowser\BikeBrowserWorld\Assets\Characters\Jacob\Jacob_talk\Jacob_talk-11.png",".png","8938"
"BikeBrowserWorld__Assets__Characters__Jacob__Jacob_talk__Jacob_talk-12.png","C:\dev\bikebrowser\BikeBrowserWorld\Assets\Characters\Jacob\Jacob_talk\Jacob_talk-12.png",".png","8731"
"BikeBrowserWorld__Assets__Characters__Jacob__Jacob_talk__Jacob_talk-13.png","C:\dev\bikebrowser\BikeBrowserWorld\Assets\Characters\Jacob\Jacob_talk\Jacob_talk-13.png",".png","8007"
"BikeBrowserWorld__Assets__Characters__Jacob__Jacob_talk__Jacob_talk-14.png","C:\dev\bikebrowser\BikeBrowserWorld\Assets\Characters\Jacob\Jacob_talk\Jacob_talk-14.png",".png","8427"
"BikeBrowserWorld__Assets__Characters__Jacob__Jacob_talk__Jacob_talk-15.png","C:\dev\bikebrowser\BikeBrowserWorld\Assets\Characters\Jacob\Jacob_talk\Jacob_talk-15.png",".png","8672"
"BikeBrowserWorld__Assets__Characters__Jacob__Jacob_talk__Jacob_talk-16.png","C:\dev\bikebrowser\BikeBrowserWorld\Assets\Characters\Jacob\Jacob_talk\Jacob_talk-16.png",".png","8540"
"BikeBrowserWorld__Assets__Characters__Jacob__Jacob_talk__Jacob_talk-2.png","C:\dev\bikebrowser\BikeBrowserWorld\Assets\Characters\Jacob\Jacob_talk\Jacob_talk-2.png",".png","9445"
"BikeBrowserWorld__Assets__Characters__Jacob__Jacob_talk__Jacob_talk-3.png","C:\dev\bikebrowser\BikeBrowserWorld\Assets\Characters\Jacob\Jacob_talk\Jacob_talk-3.png",".png","9424"
"BikeBrowserWorld__Assets__Characters__Jacob__Jacob_talk__Jacob_talk-4.png","C:\dev\bikebrowser\BikeBrowserWorld\Assets\Characters\Jacob\Jacob_talk\Jacob_talk-4.png",".png","9489"
"BikeBrowserWorld__Assets__Characters__Jacob__Jacob_talk__Jacob_talk-5.png","C:\dev\bikebrowser\BikeBrowserWorld\Assets\Characters\Jacob\Jacob_talk\Jacob_talk-5.png",".png","8120"
"BikeBrowserWorld__Assets__Characters__Jacob__Jacob_talk__Jacob_talk-6.png","C:\dev\bikebrowser\BikeBrowserWorld\Assets\Characters\Jacob\Jacob_talk\Jacob_talk-6.png",".png","8506"
"BikeBrowserWorld__Assets__Characters__Jacob__Jacob_talk__Jacob_talk-7.png","C:\dev\bikebrowser\BikeBrowserWorld\Assets\Characters\Jacob\Jacob_talk\Jacob_talk-7.png",".png","8731"
"BikeBrowserWorld__Assets__Characters__Jacob__Jacob_talk__Jacob_talk-8.png","C:\dev\bikebrowser\BikeBrowserWorld\Assets\Characters\Jacob\Jacob_talk\Jacob_talk-8.png",".png","8556"
"BikeBrowserWorld__Assets__Characters__Jacob__Jacob_talk__Jacob_talk-9.png","C:\dev\bikebrowser\BikeBrowserWorld\Assets\Characters\Jacob\Jacob_talk\Jacob_talk-9.png",".png","8493"
"BikeBrowserWorld__Assets__Characters__Jacob__Jacob_talk__raw-sheet-clean.png","C:\dev\bikebrowser\BikeBrowserWorld\Assets\Characters\Jacob\Jacob_talk\raw-sheet-clean.png",".png","1070925"
"BikeBrowserWorld__Assets__Characters__Jacob__Jacob_talk__raw-sheet.png","C:\dev\bikebrowser\BikeBrowserWorld\Assets\Characters\Jacob\Jacob_talk\raw-sheet.png",".png","1995638"
"BikeBrowserWorld__Assets__Characters__Jacob__Jacob_talk__raw-source.png","C:\dev\bikebrowser\BikeBrowserWorld\Assets\Characters\Jacob\Jacob_talk\raw-source.png",".png","1720597"
"BikeBrowserWorld__Assets__Characters__Jacob__Jacob_talk__sheet-transparent.png","C:\dev\bikebrowser\BikeBrowserWorld\Assets\Characters\Jacob\Jacob_talk\sheet-transparent.png",".png","125720"
"BikeBrowserWorld__Assets__Characters__Jacob__Jacob_talk.png","C:\dev\bikebrowser\BikeBrowserWorld\Assets\Characters\Jacob\Jacob_talk.png",".png","125720"
"BikeBrowserWorld__Assets__Characters__James__James_idle__James_idle-1.png","C:\dev\bikebrowser\BikeBrowserWorld\Assets\Characters\James\James_idle\James_idle-1.png",".png","9465"
"BikeBrowserWorld__Assets__Characters__James__James_idle__James_idle-10.png","C:\dev\bikebrowser\BikeBrowserWorld\Assets\Characters\James\James_idle\James_idle-10.png",".png","9365"
"BikeBrowserWorld__Assets__Characters__James__James_idle__James_idle-11.png","C:\dev\bikebrowser\BikeBrowserWorld\Assets\Characters\James\James_idle\James_idle-11.png",".png","9314"
"BikeBrowserWorld__Assets__Characters__James__James_idle__James_idle-12.png","C:\dev\bikebrowser\BikeBrowserWorld\Assets\Characters\James\James_idle\James_idle-12.png",".png","9329"
"BikeBrowserWorld__Assets__Characters__James__James_idle__James_idle-13.png","C:\dev\bikebrowser\BikeBrowserWorld\Assets\Characters\James\James_idle\James_idle-13.png",".png","8209"
"BikeBrowserWorld__Assets__Characters__James__James_idle__James_idle-14.png","C:\dev\bikebrowser\BikeBrowserWorld\Assets\Characters\James\James_idle\James_idle-14.png",".png","8217"
"BikeBrowserWorld__Assets__Characters__James__James_idle__James_idle-15.png","C:\dev\bikebrowser\BikeBrowserWorld\Assets\Characters\James\James_idle\James_idle-15.png",".png","8121"
"BikeBrowserWorld__Assets__Characters__James__James_idle__James_idle-16.png","C:\dev\bikebrowser\BikeBrowserWorld\Assets\Characters\James\James_idle\James_idle-16.png",".png","8129"
"BikeBrowserWorld__Assets__Characters__James__James_idle__James_idle-2.png","C:\dev\bikebrowser\BikeBrowserWorld\Assets\Characters\James\James_idle\James_idle-2.png",".png","9605"
"BikeBrowserWorld__Assets__Characters__James__James_idle__James_idle-3.png","C:\dev\bikebrowser\BikeBrowserWorld\Assets\Characters\James\James_idle\James_idle-3.png",".png","9448"
"BikeBrowserWorld__Assets__Characters__James__James_idle__James_idle-4.png","C:\dev\bikebrowser\BikeBrowserWorld\Assets\Characters\James\James_idle\James_idle-4.png",".png","9489"
"BikeBrowserWorld__Assets__Characters__James__James_idle__James_idle-5.png","C:\dev\bikebrowser\BikeBrowserWorld\Assets\Characters\James\James_idle\James_idle-5.png",".png","9332"
"BikeBrowserWorld__Assets__Characters__James__James_idle__James_idle-6.png","C:\dev\bikebrowser\BikeBrowserWorld\Assets\Characters\James\James_idle\James_idle-6.png",".png","9368"
"BikeBrowserWorld__Assets__Characters__James__James_idle__James_idle-7.png","C:\dev\bikebrowser\BikeBrowserWorld\Assets\Characters\James\James_idle\James_idle-7.png",".png","9363"
"BikeBrowserWorld__Assets__Characters__James__James_idle__James_idle-8.png","C:\dev\bikebrowser\BikeBrowserWorld\Assets\Characters\James\James_idle\James_idle-8.png",".png","9295"
"BikeBrowserWorld__Assets__Characters__James__James_idle__James_idle-9.png","C:\dev\bikebrowser\BikeBrowserWorld\Assets\Characters\James\James_idle\James_idle-9.png",".png","9203"
"BikeBrowserWorld__Assets__Characters__James__James_idle__raw-sheet-clean.png","C:\dev\bikebrowser\BikeBrowserWorld\Assets\Characters\James\James_idle\raw-sheet-clean.png",".png","1052258"
"BikeBrowserWorld__Assets__Characters__James__James_idle__raw-sheet.png","C:\dev\bikebrowser\BikeBrowserWorld\Assets\Characters\James\James_idle\raw-sheet.png",".png","1980450"
"BikeBrowserWorld__Assets__Characters__James__James_idle__sheet-transparent.png","C:\dev\bikebrowser\BikeBrowserWorld\Assets\Characters\James\James_idle\sheet-transparent.png",".png","131376"
"BikeBrowserWorld__Assets__Characters__James__James_idle.png","C:\dev\bikebrowser\BikeBrowserWorld\Assets\Characters\James\James_idle.png",".png","131376"
"BikeBrowserWorld__Assets__Characters__James__James_talk__James_talk-1.png","C:\dev\bikebrowser\BikeBrowserWorld\Assets\Characters\James\James_talk\James_talk-1.png",".png","9355"
"BikeBrowserWorld__Assets__Characters__James__James_talk__James_talk-10.png","C:\dev\bikebrowser\BikeBrowserWorld\Assets\Characters\James\James_talk\James_talk-10.png",".png","9438"
"BikeBrowserWorld__Assets__Characters__James__James_talk__James_talk-11.png","C:\dev\bikebrowser\BikeBrowserWorld\Assets\Characters\James\James_talk\James_talk-11.png",".png","9509"
"BikeBrowserWorld__Assets__Characters__James__James_talk__James_talk-12.png","C:\dev\bikebrowser\BikeBrowserWorld\Assets\Characters\James\James_talk\James_talk-12.png",".png","9462"
"BikeBrowserWorld__Assets__Characters__James__James_talk__James_talk-13.png","C:\dev\bikebrowser\BikeBrowserWorld\Assets\Characters\James\James_talk\James_talk-13.png",".png","8212"
"BikeBrowserWorld__Assets__Characters__James__James_talk__James_talk-14.png","C:\dev\bikebrowser\BikeBrowserWorld\Assets\Characters\James\James_talk\James_talk-14.png",".png","9050"
"BikeBrowserWorld__Assets__Characters__James__James_talk__James_talk-15.png","C:\dev\bikebrowser\BikeBrowserWorld\Assets\Characters\James\James_talk\James_talk-15.png",".png","9008"
"BikeBrowserWorld__Assets__Characters__James__James_talk__James_talk-16.png","C:\dev\bikebrowser\BikeBrowserWorld\Assets\Characters\James\James_talk\James_talk-16.png",".png","8088"
"BikeBrowserWorld__Assets__Characters__James__James_talk__James_talk-2.png","C:\dev\bikebrowser\BikeBrowserWorld\Assets\Characters\James\James_talk\James_talk-2.png",".png","10005"
"BikeBrowserWorld__Assets__Characters__James__James_talk__James_talk-3.png","C:\dev\bikebrowser\BikeBrowserWorld\Assets\Characters\James\James_talk\James_talk-3.png",".png","10002"
"BikeBrowserWorld__Assets__Characters__James__James_talk__James_talk-4.png","C:\dev\bikebrowser\BikeBrowserWorld\Assets\Characters\James\James_talk\James_talk-4.png",".png","9758"
"BikeBrowserWorld__Assets__Characters__James__James_talk__James_talk-5.png","C:\dev\bikebrowser\BikeBrowserWorld\Assets\Characters\James\James_talk\James_talk-5.png",".png","9272"
"BikeBrowserWorld__Assets__Characters__James__James_talk__James_talk-6.png","C:\dev\bikebrowser\BikeBrowserWorld\Assets\Characters\James\James_talk\James_talk-6.png",".png","9415"
"BikeBrowserWorld__Assets__Characters__James__James_talk__James_talk-7.png","C:\dev\bikebrowser\BikeBrowserWorld\Assets\Characters\James\James_talk\James_talk-7.png",".png","9377"
"BikeBrowserWorld__Assets__Characters__James__James_talk__James_talk-8.png","C:\dev\bikebrowser\BikeBrowserWorld\Assets\Characters\James\James_talk\James_talk-8.png",".png","9165"
"BikeBrowserWorld__Assets__Characters__James__James_talk__James_talk-9.png","C:\dev\bikebrowser\BikeBrowserWorld\Assets\Characters\James\James_talk\James_talk-9.png",".png","9382"
"BikeBrowserWorld__Assets__Characters__James__James_talk__raw-sheet-clean.png","C:\dev\bikebrowser\BikeBrowserWorld\Assets\Characters\James\James_talk\raw-sheet-clean.png",".png","1109084"
"BikeBrowserWorld__Assets__Characters__James__James_talk__raw-sheet.png","C:\dev\bikebrowser\BikeBrowserWorld\Assets\Characters\James\James_talk\raw-sheet.png",".png","2035060"
"BikeBrowserWorld__Assets__Characters__James__James_talk__sheet-transparent.png","C:\dev\bikebrowser\BikeBrowserWorld\Assets\Characters\James\James_talk\sheet-transparent.png",".png","134871"
"BikeBrowserWorld__Assets__Characters__James__James_talk.png","C:\dev\bikebrowser\BikeBrowserWorld\Assets\Characters\James\James_talk.png",".png","134871"
"BikeBrowserWorld__Assets__Characters__MinerPete__MinerPete_idle__MinerPete_idle-1.png","C:\dev\bikebrowser\BikeBrowserWorld\Assets\Characters\MinerPete\MinerPete_idle\MinerPete_idle-1.png",".png","9983"
"BikeBrowserWorld__Assets__Characters__MinerPete__MinerPete_idle__MinerPete_idle-10.png","C:\dev\bikebrowser\BikeBrowserWorld\Assets\Characters\MinerPete\MinerPete_idle\MinerPete_idle-10.png",".png","10205"
"BikeBrowserWorld__Assets__Characters__MinerPete__MinerPete_idle__MinerPete_idle-11.png","C:\dev\bikebrowser\BikeBrowserWorld\Assets\Characters\MinerPete\MinerPete_idle\MinerPete_idle-11.png",".png","10143"
"BikeBrowserWorld__Assets__Characters__MinerPete__MinerPete_idle__MinerPete_idle-12.png","C:\dev\bikebrowser\BikeBrowserWorld\Assets\Characters\MinerPete\MinerPete_idle\MinerPete_idle-12.png",".png","10213"
"BikeBrowserWorld__Assets__Characters__MinerPete__MinerPete_idle__MinerPete_idle-13.png","C:\dev\bikebrowser\BikeBrowserWorld\Assets\Characters\MinerPete\MinerPete_idle\MinerPete_idle-13.png",".png","9078"
"BikeBrowserWorld__Assets__Characters__MinerPete__MinerPete_idle__MinerPete_idle-14.png","C:\dev\bikebrowser\BikeBrowserWorld\Assets\Characters\MinerPete\MinerPete_idle\MinerPete_idle-14.png",".png","9140"
"BikeBrowserWorld__Assets__Characters__MinerPete__MinerPete_idle__MinerPete_idle-15.png","C:\dev\bikebrowser\BikeBrowserWorld\Assets\Characters\MinerPete\MinerPete_idle\MinerPete_idle-15.png",".png","9206"
"BikeBrowserWorld__Assets__Characters__MinerPete__MinerPete_idle__MinerPete_idle-16.png","C:\dev\bikebrowser\BikeBrowserWorld\Assets\Characters\MinerPete\MinerPete_idle\MinerPete_idle-16.png",".png","9124"
"BikeBrowserWorld__Assets__Characters__MinerPete__MinerPete_idle__MinerPete_idle-2.png","C:\dev\bikebrowser\BikeBrowserWorld\Assets\Characters\MinerPete\MinerPete_idle\MinerPete_idle-2.png",".png","9995"
"BikeBrowserWorld__Assets__Characters__MinerPete__MinerPete_idle__MinerPete_idle-3.png","C:\dev\bikebrowser\BikeBrowserWorld\Assets\Characters\MinerPete\MinerPete_idle\MinerPete_idle-3.png",".png","10015"
"BikeBrowserWorld__Assets__Characters__MinerPete__MinerPete_idle__MinerPete_idle-4.png","C:\dev\bikebrowser\BikeBrowserWorld\Assets\Characters\MinerPete\MinerPete_idle\MinerPete_idle-4.png",".png","9927"
"BikeBrowserWorld__Assets__Characters__MinerPete__MinerPete_idle__MinerPete_idle-5.png","C:\dev\bikebrowser\BikeBrowserWorld\Assets\Characters\MinerPete\MinerPete_idle\MinerPete_idle-5.png",".png","10306"
"BikeBrowserWorld__Assets__Characters__MinerPete__MinerPete_idle__MinerPete_idle-6.png","C:\dev\bikebrowser\BikeBrowserWorld\Assets\Characters\MinerPete\MinerPete_idle\MinerPete_idle-6.png",".png","10401"
"BikeBrowserWorld__Assets__Characters__MinerPete__MinerPete_idle__MinerPete_idle-7.png","C:\dev\bikebrowser\BikeBrowserWorld\Assets\Characters\MinerPete\MinerPete_idle\MinerPete_idle-7.png",".png","10351"
"BikeBrowserWorld__Assets__Characters__MinerPete__MinerPete_idle__MinerPete_idle-8.png","C:\dev\bikebrowser\BikeBrowserWorld\Assets\Characters\MinerPete\MinerPete_idle\MinerPete_idle-8.png",".png","10238"
"BikeBrowserWorld__Assets__Characters__MinerPete__MinerPete_idle__MinerPete_idle-9.png","C:\dev\bikebrowser\BikeBrowserWorld\Assets\Characters\MinerPete\MinerPete_idle\MinerPete_idle-9.png",".png","10180"
"BikeBrowserWorld__Assets__Characters__MinerPete__MinerPete_idle__raw-sheet-clean.png","C:\dev\bikebrowser\BikeBrowserWorld\Assets\Characters\MinerPete\MinerPete_idle\raw-sheet-clean.png",".png","1165427"
"BikeBrowserWorld__Assets__Characters__MinerPete__MinerPete_idle__raw-sheet.png","C:\dev\bikebrowser\BikeBrowserWorld\Assets\Characters\MinerPete\MinerPete_idle\raw-sheet.png",".png","2072114"
"BikeBrowserWorld__Assets__Characters__MinerPete__MinerPete_idle__sheet-transparent.png","C:\dev\bikebrowser\BikeBrowserWorld\Assets\Characters\MinerPete\MinerPete_idle\sheet-transparent.png",".png","144394"
"BikeBrowserWorld__Assets__Characters__MinerPete__MinerPete_idle.png","C:\dev\bikebrowser\BikeBrowserWorld\Assets\Characters\MinerPete\MinerPete_idle.png",".png","144394"
"BikeBrowserWorld__Assets__Characters__MinerPete__MinerPete_point__MinerPete_point-1.png","C:\dev\bikebrowser\BikeBrowserWorld\Assets\Characters\MinerPete\MinerPete_point\MinerPete_point-1.png",".png","9957"
"BikeBrowserWorld__Assets__Characters__MinerPete__MinerPete_point__MinerPete_point-10.png","C:\dev\bikebrowser\BikeBrowserWorld\Assets\Characters\MinerPete\MinerPete_point\MinerPete_point-10.png",".png","9854"
"BikeBrowserWorld__Assets__Characters__MinerPete__MinerPete_point__MinerPete_point-11.png","C:\dev\bikebrowser\BikeBrowserWorld\Assets\Characters\MinerPete\MinerPete_point\MinerPete_point-11.png",".png","10389"
"BikeBrowserWorld__Assets__Characters__MinerPete__MinerPete_point__MinerPete_point-12.png","C:\dev\bikebrowser\BikeBrowserWorld\Assets\Characters\MinerPete\MinerPete_point\MinerPete_point-12.png",".png","10323"
"BikeBrowserWorld__Assets__Characters__MinerPete__MinerPete_point__MinerPete_point-13.png","C:\dev\bikebrowser\BikeBrowserWorld\Assets\Characters\MinerPete\MinerPete_point\MinerPete_point-13.png",".png","9124"
"BikeBrowserWorld__Assets__Characters__MinerPete__MinerPete_point__MinerPete_point-14.png","C:\dev\bikebrowser\BikeBrowserWorld\Assets\Characters\MinerPete\MinerPete_point\MinerPete_point-14.png",".png","9225"
"BikeBrowserWorld__Assets__Characters__MinerPete__MinerPete_point__MinerPete_point-15.png","C:\dev\bikebrowser\BikeBrowserWorld\Assets\Characters\MinerPete\MinerPete_point\MinerPete_point-15.png",".png","9908"
"BikeBrowserWorld__Assets__Characters__MinerPete__MinerPete_point__MinerPete_point-16.png","C:\dev\bikebrowser\BikeBrowserWorld\Assets\Characters\MinerPete\MinerPete_point\MinerPete_point-16.png",".png","9221"
"BikeBrowserWorld__Assets__Characters__MinerPete__MinerPete_point__MinerPete_point-2.png","C:\dev\bikebrowser\BikeBrowserWorld\Assets\Characters\MinerPete\MinerPete_point\MinerPete_point-2.png",".png","9741"
"BikeBrowserWorld__Assets__Characters__MinerPete__MinerPete_point__MinerPete_point-3.png","C:\dev\bikebrowser\BikeBrowserWorld\Assets\Characters\MinerPete\MinerPete_point\MinerPete_point-3.png",".png","10504"
"BikeBrowserWorld__Assets__Characters__MinerPete__MinerPete_point__MinerPete_point-4.png","C:\dev\bikebrowser\BikeBrowserWorld\Assets\Characters\MinerPete\MinerPete_point\MinerPete_point-4.png",".png","10508"
"BikeBrowserWorld__Assets__Characters__MinerPete__MinerPete_point__MinerPete_point-5.png","C:\dev\bikebrowser\BikeBrowserWorld\Assets\Characters\MinerPete\MinerPete_point\MinerPete_point-5.png",".png","10169"
"BikeBrowserWorld__Assets__Characters__MinerPete__MinerPete_point__MinerPete_point-6.png","C:\dev\bikebrowser\BikeBrowserWorld\Assets\Characters\MinerPete\MinerPete_point\MinerPete_point-6.png",".png","10346"
"BikeBrowserWorld__Assets__Characters__MinerPete__MinerPete_point__MinerPete_point-7.png","C:\dev\bikebrowser\BikeBrowserWorld\Assets\Characters\MinerPete\MinerPete_point\MinerPete_point-7.png",".png","10667"
"BikeBrowserWorld__Assets__Characters__MinerPete__MinerPete_point__MinerPete_point-8.png","C:\dev\bikebrowser\BikeBrowserWorld\Assets\Characters\MinerPete\MinerPete_point\MinerPete_point-8.png",".png","10051"
"BikeBrowserWorld__Assets__Characters__MinerPete__MinerPete_point__MinerPete_point-9.png","C:\dev\bikebrowser\BikeBrowserWorld\Assets\Characters\MinerPete\MinerPete_point\MinerPete_point-9.png",".png","9838"
"BikeBrowserWorld__Assets__Characters__MinerPete__MinerPete_point__raw-sheet-clean.png","C:\dev\bikebrowser\BikeBrowserWorld\Assets\Characters\MinerPete\MinerPete_point\raw-sheet-clean.png",".png","1224921"
"BikeBrowserWorld__Assets__Characters__MinerPete__MinerPete_point__raw-sheet.png","C:\dev\bikebrowser\BikeBrowserWorld\Assets\Characters\MinerPete\MinerPete_point\raw-sheet.png",".png","2150620"
"BikeBrowserWorld__Assets__Characters__MinerPete__MinerPete_point__sheet-transparent.png","C:\dev\bikebrowser\BikeBrowserWorld\Assets\Characters\MinerPete\MinerPete_point\sheet-transparent.png",".png","145577"
"BikeBrowserWorld__Assets__Characters__MinerPete__MinerPete_point.png","C:\dev\bikebrowser\BikeBrowserWorld\Assets\Characters\MinerPete\MinerPete_point.png",".png","145577"
"BikeBrowserWorld__Assets__Characters__MinerPete__MinerPete_talk__MinerPete_talk-1.png","C:\dev\bikebrowser\BikeBrowserWorld\Assets\Characters\MinerPete\MinerPete_talk\MinerPete_talk-1.png",".png","10067"
"BikeBrowserWorld__Assets__Characters__MinerPete__MinerPete_talk__MinerPete_talk-10.png","C:\dev\bikebrowser\BikeBrowserWorld\Assets\Characters\MinerPete\MinerPete_talk\MinerPete_talk-10.png",".png","9975"
"BikeBrowserWorld__Assets__Characters__MinerPete__MinerPete_talk__MinerPete_talk-11.png","C:\dev\bikebrowser\BikeBrowserWorld\Assets\Characters\MinerPete\MinerPete_talk\MinerPete_talk-11.png",".png","10026"
"BikeBrowserWorld__Assets__Characters__MinerPete__MinerPete_talk__MinerPete_talk-12.png","C:\dev\bikebrowser\BikeBrowserWorld\Assets\Characters\MinerPete\MinerPete_talk\MinerPete_talk-12.png",".png","9969"
"BikeBrowserWorld__Assets__Characters__MinerPete__MinerPete_talk__MinerPete_talk-13.png","C:\dev\bikebrowser\BikeBrowserWorld\Assets\Characters\MinerPete\MinerPete_talk\MinerPete_talk-13.png",".png","8978"
"BikeBrowserWorld__Assets__Characters__MinerPete__MinerPete_talk__MinerPete_talk-14.png","C:\dev\bikebrowser\BikeBrowserWorld\Assets\Characters\MinerPete\MinerPete_talk\MinerPete_talk-14.png",".png","9574"
"BikeBrowserWorld__Assets__Characters__MinerPete__MinerPete_talk__MinerPete_talk-15.png","C:\dev\bikebrowser\BikeBrowserWorld\Assets\Characters\MinerPete\MinerPete_talk\MinerPete_talk-15.png",".png","9706"
"BikeBrowserWorld__Assets__Characters__MinerPete__MinerPete_talk__MinerPete_talk-16.png","C:\dev\bikebrowser\BikeBrowserWorld\Assets\Characters\MinerPete\MinerPete_talk\MinerPete_talk-16.png",".png","8915"
"BikeBrowserWorld__Assets__Characters__MinerPete__MinerPete_talk__MinerPete_talk-2.png","C:\dev\bikebrowser\BikeBrowserWorld\Assets\Characters\MinerPete\MinerPete_talk\MinerPete_talk-2.png",".png","10677"
"BikeBrowserWorld__Assets__Characters__MinerPete__MinerPete_talk__MinerPete_talk-3.png","C:\dev\bikebrowser\BikeBrowserWorld\Assets\Characters\MinerPete\MinerPete_talk\MinerPete_talk-3.png",".png","10662"
"BikeBrowserWorld__Assets__Characters__MinerPete__MinerPete_talk__MinerPete_talk-4.png","C:\dev\bikebrowser\BikeBrowserWorld\Assets\Characters\MinerPete\MinerPete_talk\MinerPete_talk-4.png",".png","9906"
"BikeBrowserWorld__Assets__Characters__MinerPete__MinerPete_talk__MinerPete_talk-5.png","C:\dev\bikebrowser\BikeBrowserWorld\Assets\Characters\MinerPete\MinerPete_talk\MinerPete_talk-5.png",".png","10177"
"BikeBrowserWorld__Assets__Characters__MinerPete__MinerPete_talk__MinerPete_talk-6.png","C:\dev\bikebrowser\BikeBrowserWorld\Assets\Characters\MinerPete\MinerPete_talk\MinerPete_talk-6.png",".png","10268"
"BikeBrowserWorld__Assets__Characters__MinerPete__MinerPete_talk__MinerPete_talk-7.png","C:\dev\bikebrowser\BikeBrowserWorld\Assets\Characters\MinerPete\MinerPete_talk\MinerPete_talk-7.png",".png","10463"
"BikeBrowserWorld__Assets__Characters__MinerPete__MinerPete_talk__MinerPete_talk-8.png","C:\dev\bikebrowser\BikeBrowserWorld\Assets\Characters\MinerPete\MinerPete_talk\MinerPete_talk-8.png",".png","10123"
"BikeBrowserWorld__Assets__Characters__MinerPete__MinerPete_talk__MinerPete_talk-9.png","C:\dev\bikebrowser\BikeBrowserWorld\Assets\Characters\MinerPete\MinerPete_talk\MinerPete_talk-9.png",".png","9964"
"BikeBrowserWorld__Assets__Characters__MinerPete__MinerPete_talk__raw-sheet-clean.png","C:\dev\bikebrowser\BikeBrowserWorld\Assets\Characters\MinerPete\MinerPete_talk\raw-sheet-clean.png",".png","1206643"
"BikeBrowserWorld__Assets__Characters__MinerPete__MinerPete_talk__raw-sheet.png","C:\dev\bikebrowser\BikeBrowserWorld\Assets\Characters\MinerPete\MinerPete_talk\raw-sheet.png",".png","2120007"
"BikeBrowserWorld__Assets__Characters__MinerPete__MinerPete_talk__sheet-transparent.png","C:\dev\bikebrowser\BikeBrowserWorld\Assets\Characters\MinerPete\MinerPete_talk\sheet-transparent.png",".png","145498"
"BikeBrowserWorld__Assets__Characters__MinerPete__MinerPete_talk.png","C:\dev\bikebrowser\BikeBrowserWorld\Assets\Characters\MinerPete\MinerPete_talk.png",".png","145498"
"BikeBrowserWorld__Assets__Characters__MrsRamirez__MrsRamirez_cheer__MrsRamirez_cheer-1.png","C:\dev\bikebrowser\BikeBrowserWorld\Assets\Characters\MrsRamirez\MrsRamirez_cheer\MrsRamirez_cheer-1.png",".png","10110"
"BikeBrowserWorld__Assets__Characters__MrsRamirez__MrsRamirez_cheer__MrsRamirez_cheer-10.png","C:\dev\bikebrowser\BikeBrowserWorld\Assets\Characters\MrsRamirez\MrsRamirez_cheer\MrsRamirez_cheer-10.png",".png","8019"
"BikeBrowserWorld__Assets__Characters__MrsRamirez__MrsRamirez_cheer__MrsRamirez_cheer-11.png","C:\dev\bikebrowser\BikeBrowserWorld\Assets\Characters\MrsRamirez\MrsRamirez_cheer\MrsRamirez_cheer-11.png",".png","8814"
"BikeBrowserWorld__Assets__Characters__MrsRamirez__MrsRamirez_cheer__MrsRamirez_cheer-12.png","C:\dev\bikebrowser\BikeBrowserWorld\Assets\Characters\MrsRamirez\MrsRamirez_cheer\MrsRamirez_cheer-12.png",".png","8030"
"BikeBrowserWorld__Assets__Characters__MrsRamirez__MrsRamirez_cheer__MrsRamirez_cheer-13.png","C:\dev\bikebrowser\BikeBrowserWorld\Assets\Characters\MrsRamirez\MrsRamirez_cheer\MrsRamirez_cheer-13.png",".png","8862"
"BikeBrowserWorld__Assets__Characters__MrsRamirez__MrsRamirez_cheer__MrsRamirez_cheer-14.png","C:\dev\bikebrowser\BikeBrowserWorld\Assets\Characters\MrsRamirez\MrsRamirez_cheer\MrsRamirez_cheer-14.png",".png","9324"
"BikeBrowserWorld__Assets__Characters__MrsRamirez__MrsRamirez_cheer__MrsRamirez_cheer-15.png","C:\dev\bikebrowser\BikeBrowserWorld\Assets\Characters\MrsRamirez\MrsRamirez_cheer\MrsRamirez_cheer-15.png",".png","8607"
"BikeBrowserWorld__Assets__Characters__MrsRamirez__MrsRamirez_cheer__MrsRamirez_cheer-16.png","C:\dev\bikebrowser\BikeBrowserWorld\Assets\Characters\MrsRamirez\MrsRamirez_cheer\MrsRamirez_cheer-16.png",".png","8438"
"BikeBrowserWorld__Assets__Characters__MrsRamirez__MrsRamirez_cheer__MrsRamirez_cheer-2.png","C:\dev\bikebrowser\BikeBrowserWorld\Assets\Characters\MrsRamirez\MrsRamirez_cheer\MrsRamirez_cheer-2.png",".png","10391"
"BikeBrowserWorld__Assets__Characters__MrsRamirez__MrsRamirez_cheer__MrsRamirez_cheer-3.png","C:\dev\bikebrowser\BikeBrowserWorld\Assets\Characters\MrsRamirez\MrsRamirez_cheer\MrsRamirez_cheer-3.png",".png","10224"
"BikeBrowserWorld__Assets__Characters__MrsRamirez__MrsRamirez_cheer__MrsRamirez_cheer-4.png","C:\dev\bikebrowser\BikeBrowserWorld\Assets\Characters\MrsRamirez\MrsRamirez_cheer\MrsRamirez_cheer-4.png",".png","9701"
"BikeBrowserWorld__Assets__Characters__MrsRamirez__MrsRamirez_cheer__MrsRamirez_cheer-5.png","C:\dev\bikebrowser\BikeBrowserWorld\Assets\Characters\MrsRamirez\MrsRamirez_cheer\MrsRamirez_cheer-5.png",".png","9186"
"BikeBrowserWorld__Assets__Characters__MrsRamirez__MrsRamirez_cheer__MrsRamirez_cheer-6.png","C:\dev\bikebrowser\BikeBrowserWorld\Assets\Characters\MrsRamirez\MrsRamirez_cheer\MrsRamirez_cheer-6.png",".png","8713"
"BikeBrowserWorld__Assets__Characters__MrsRamirez__MrsRamirez_cheer__MrsRamirez_cheer-7.png","C:\dev\bikebrowser\BikeBrowserWorld\Assets\Characters\MrsRamirez\MrsRamirez_cheer\MrsRamirez_cheer-7.png",".png","9172"
"BikeBrowserWorld__Assets__Characters__MrsRamirez__MrsRamirez_cheer__MrsRamirez_cheer-8.png","C:\dev\bikebrowser\BikeBrowserWorld\Assets\Characters\MrsRamirez\MrsRamirez_cheer\MrsRamirez_cheer-8.png",".png","8551"
"BikeBrowserWorld__Assets__Characters__MrsRamirez__MrsRamirez_cheer__MrsRamirez_cheer-9.png","C:\dev\bikebrowser\BikeBrowserWorld\Assets\Characters\MrsRamirez\MrsRamirez_cheer\MrsRamirez_cheer-9.png",".png","8741"
"BikeBrowserWorld__Assets__Characters__MrsRamirez__MrsRamirez_cheer__raw-sheet-clean.png","C:\dev\bikebrowser\BikeBrowserWorld\Assets\Characters\MrsRamirez\MrsRamirez_cheer\raw-sheet-clean.png",".png","969517"
"BikeBrowserWorld__Assets__Characters__MrsRamirez__MrsRamirez_cheer__raw-sheet.png","C:\dev\bikebrowser\BikeBrowserWorld\Assets\Characters\MrsRamirez\MrsRamirez_cheer\raw-sheet.png",".png","1919482"
"BikeBrowserWorld__Assets__Characters__MrsRamirez__MrsRamirez_cheer__sheet-transparent.png","C:\dev\bikebrowser\BikeBrowserWorld\Assets\Characters\MrsRamirez\MrsRamirez_cheer\sheet-transparent.png",".png","131224"
"BikeBrowserWorld__Assets__Characters__MrsRamirez__MrsRamirez_cheer.png","C:\dev\bikebrowser\BikeBrowserWorld\Assets\Characters\MrsRamirez\MrsRamirez_cheer.png",".png","131224"
"BikeBrowserWorld__Assets__Characters__MrsRamirez__MrsRamirez_idle__MrsRamirez_idle-1.png","C:\dev\bikebrowser\BikeBrowserWorld\Assets\Characters\MrsRamirez\MrsRamirez_idle\MrsRamirez_idle-1.png",".png","9641"
"BikeBrowserWorld__Assets__Characters__MrsRamirez__MrsRamirez_idle__MrsRamirez_idle-10.png","C:\dev\bikebrowser\BikeBrowserWorld\Assets\Characters\MrsRamirez\MrsRamirez_idle\MrsRamirez_idle-10.png",".png","7943"
"BikeBrowserWorld__Assets__Characters__MrsRamirez__MrsRamirez_idle__MrsRamirez_idle-11.png","C:\dev\bikebrowser\BikeBrowserWorld\Assets\Characters\MrsRamirez\MrsRamirez_idle\MrsRamirez_idle-11.png",".png","8654"
"BikeBrowserWorld__Assets__Characters__MrsRamirez__MrsRamirez_idle__MrsRamirez_idle-12.png","C:\dev\bikebrowser\BikeBrowserWorld\Assets\Characters\MrsRamirez\MrsRamirez_idle\MrsRamirez_idle-12.png",".png","8643"
"BikeBrowserWorld__Assets__Characters__MrsRamirez__MrsRamirez_idle__MrsRamirez_idle-13.png","C:\dev\bikebrowser\BikeBrowserWorld\Assets\Characters\MrsRamirez\MrsRamirez_idle\MrsRamirez_idle-13.png",".png","8280"
"BikeBrowserWorld__Assets__Characters__MrsRamirez__MrsRamirez_idle__MrsRamirez_idle-14.png","C:\dev\bikebrowser\BikeBrowserWorld\Assets\Characters\MrsRamirez\MrsRamirez_idle\MrsRamirez_idle-14.png",".png","8307"
"BikeBrowserWorld__Assets__Characters__MrsRamirez__MrsRamirez_idle__MrsRamirez_idle-15.png","C:\dev\bikebrowser\BikeBrowserWorld\Assets\Characters\MrsRamirez\MrsRamirez_idle\MrsRamirez_idle-15.png",".png","8266"
"BikeBrowserWorld__Assets__Characters__MrsRamirez__MrsRamirez_idle__MrsRamirez_idle-16.png","C:\dev\bikebrowser\BikeBrowserWorld\Assets\Characters\MrsRamirez\MrsRamirez_idle\MrsRamirez_idle-16.png",".png","9144"
"BikeBrowserWorld__Assets__Characters__MrsRamirez__MrsRamirez_idle__MrsRamirez_idle-2.png","C:\dev\bikebrowser\BikeBrowserWorld\Assets\Characters\MrsRamirez\MrsRamirez_idle\MrsRamirez_idle-2.png",".png","9943"
"BikeBrowserWorld__Assets__Characters__MrsRamirez__MrsRamirez_idle__MrsRamirez_idle-3.png","C:\dev\bikebrowser\BikeBrowserWorld\Assets\Characters\MrsRamirez\MrsRamirez_idle\MrsRamirez_idle-3.png",".png","9879"
"BikeBrowserWorld__Assets__Characters__MrsRamirez__MrsRamirez_idle__MrsRamirez_idle-4.png","C:\dev\bikebrowser\BikeBrowserWorld\Assets\Characters\MrsRamirez\MrsRamirez_idle\MrsRamirez_idle-4.png",".png","9491"
"BikeBrowserWorld__Assets__Characters__MrsRamirez__MrsRamirez_idle__MrsRamirez_idle-5.png","C:\dev\bikebrowser\BikeBrowserWorld\Assets\Characters\MrsRamirez\MrsRamirez_idle\MrsRamirez_idle-5.png",".png","8194"
"BikeBrowserWorld__Assets__Characters__MrsRamirez__MrsRamirez_idle__MrsRamirez_idle-6.png","C:\dev\bikebrowser\BikeBrowserWorld\Assets\Characters\MrsRamirez\MrsRamirez_idle\MrsRamirez_idle-6.png",".png","8201"
"BikeBrowserWorld__Assets__Characters__MrsRamirez__MrsRamirez_idle__MrsRamirez_idle-7.png","C:\dev\bikebrowser\BikeBrowserWorld\Assets\Characters\MrsRamirez\MrsRamirez_idle\MrsRamirez_idle-7.png",".png","8433"
"BikeBrowserWorld__Assets__Characters__MrsRamirez__MrsRamirez_idle__MrsRamirez_idle-8.png","C:\dev\bikebrowser\BikeBrowserWorld\Assets\Characters\MrsRamirez\MrsRamirez_idle\MrsRamirez_idle-8.png",".png","8184"
"BikeBrowserWorld__Assets__Characters__MrsRamirez__MrsRamirez_idle__MrsRamirez_idle-9.png","C:\dev\bikebrowser\BikeBrowserWorld\Assets\Characters\MrsRamirez\MrsRamirez_idle\MrsRamirez_idle-9.png",".png","8039"
"BikeBrowserWorld__Assets__Characters__MrsRamirez__MrsRamirez_idle__raw-sheet-clean.png","C:\dev\bikebrowser\BikeBrowserWorld\Assets\Characters\MrsRamirez\MrsRamirez_idle\raw-sheet-clean.png",".png","926313"
"BikeBrowserWorld__Assets__Characters__MrsRamirez__MrsRamirez_idle__raw-sheet.png","C:\dev\bikebrowser\BikeBrowserWorld\Assets\Characters\MrsRamirez\MrsRamirez_idle\raw-sheet.png",".png","1873027"
"BikeBrowserWorld__Assets__Characters__MrsRamirez__MrsRamirez_idle__sheet-transparent.png","C:\dev\bikebrowser\BikeBrowserWorld\Assets\Characters\MrsRamirez\MrsRamirez_idle\sheet-transparent.png",".png","125623"
"BikeBrowserWorld__Assets__Characters__MrsRamirez__MrsRamirez_idle.png","C:\dev\bikebrowser\BikeBrowserWorld\Assets\Characters\MrsRamirez\MrsRamirez_idle.png",".png","125623"
"BikeBrowserWorld__Assets__Characters__MrsRamirez__MrsRamirez_talk__MrsRamirez_talk-1.png","C:\dev\bikebrowser\BikeBrowserWorld\Assets\Characters\MrsRamirez\MrsRamirez_talk\MrsRamirez_talk-1.png",".png","9421"
"BikeBrowserWorld__Assets__Characters__MrsRamirez__MrsRamirez_talk__MrsRamirez_talk-10.png","C:\dev\bikebrowser\BikeBrowserWorld\Assets\Characters\MrsRamirez\MrsRamirez_talk\MrsRamirez_talk-10.png",".png","8884"
"BikeBrowserWorld__Assets__Characters__MrsRamirez__MrsRamirez_talk__MrsRamirez_talk-11.png","C:\dev\bikebrowser\BikeBrowserWorld\Assets\Characters\MrsRamirez\MrsRamirez_talk\MrsRamirez_talk-11.png",".png","8970"
"BikeBrowserWorld__Assets__Characters__MrsRamirez__MrsRamirez_talk__MrsRamirez_talk-12.png","C:\dev\bikebrowser\BikeBrowserWorld\Assets\Characters\MrsRamirez\MrsRamirez_talk\MrsRamirez_talk-12.png",".png","8661"
"BikeBrowserWorld__Assets__Characters__MrsRamirez__MrsRamirez_talk__MrsRamirez_talk-13.png","C:\dev\bikebrowser\BikeBrowserWorld\Assets\Characters\MrsRamirez\MrsRamirez_talk\MrsRamirez_talk-13.png",".png","8533"
"BikeBrowserWorld__Assets__Characters__MrsRamirez__MrsRamirez_talk__MrsRamirez_talk-14.png","C:\dev\bikebrowser\BikeBrowserWorld\Assets\Characters\MrsRamirez\MrsRamirez_talk\MrsRamirez_talk-14.png",".png","9005"
"BikeBrowserWorld__Assets__Characters__MrsRamirez__MrsRamirez_talk__MrsRamirez_talk-15.png","C:\dev\bikebrowser\BikeBrowserWorld\Assets\Characters\MrsRamirez\MrsRamirez_talk\MrsRamirez_talk-15.png",".png","8841"
"BikeBrowserWorld__Assets__Characters__MrsRamirez__MrsRamirez_talk__MrsRamirez_talk-16.png","C:\dev\bikebrowser\BikeBrowserWorld\Assets\Characters\MrsRamirez\MrsRamirez_talk\MrsRamirez_talk-16.png",".png","8934"
"BikeBrowserWorld__Assets__Characters__MrsRamirez__MrsRamirez_talk__MrsRamirez_talk-2.png","C:\dev\bikebrowser\BikeBrowserWorld\Assets\Characters\MrsRamirez\MrsRamirez_talk\MrsRamirez_talk-2.png",".png","9920"
"BikeBrowserWorld__Assets__Characters__MrsRamirez__MrsRamirez_talk__MrsRamirez_talk-3.png","C:\dev\bikebrowser\BikeBrowserWorld\Assets\Characters\MrsRamirez\MrsRamirez_talk\MrsRamirez_talk-3.png",".png","9954"
"BikeBrowserWorld__Assets__Characters__MrsRamirez__MrsRamirez_talk__MrsRamirez_talk-4.png","C:\dev\bikebrowser\BikeBrowserWorld\Assets\Characters\MrsRamirez\MrsRamirez_talk\MrsRamirez_talk-4.png",".png","9828"
"BikeBrowserWorld__Assets__Characters__MrsRamirez__MrsRamirez_talk__MrsRamirez_talk-5.png","C:\dev\bikebrowser\BikeBrowserWorld\Assets\Characters\MrsRamirez\MrsRamirez_talk\MrsRamirez_talk-5.png",".png","8087"
"BikeBrowserWorld__Assets__Characters__MrsRamirez__MrsRamirez_talk__MrsRamirez_talk-6.png","C:\dev\bikebrowser\BikeBrowserWorld\Assets\Characters\MrsRamirez\MrsRamirez_talk\MrsRamirez_talk-6.png",".png","8639"
"BikeBrowserWorld__Assets__Characters__MrsRamirez__MrsRamirez_talk__MrsRamirez_talk-7.png","C:\dev\bikebrowser\BikeBrowserWorld\Assets\Characters\MrsRamirez\MrsRamirez_talk\MrsRamirez_talk-7.png",".png","8328"
"BikeBrowserWorld__Assets__Characters__MrsRamirez__MrsRamirez_talk__MrsRamirez_talk-8.png","C:\dev\bikebrowser\BikeBrowserWorld\Assets\Characters\MrsRamirez\MrsRamirez_talk\MrsRamirez_talk-8.png",".png","8569"
"BikeBrowserWorld__Assets__Characters__MrsRamirez__MrsRamirez_talk__MrsRamirez_talk-9.png","C:\dev\bikebrowser\BikeBrowserWorld\Assets\Characters\MrsRamirez\MrsRamirez_talk\MrsRamirez_talk-9.png",".png","8299"
"BikeBrowserWorld__Assets__Characters__MrsRamirez__MrsRamirez_talk__raw-sheet-clean.png","C:\dev\bikebrowser\BikeBrowserWorld\Assets\Characters\MrsRamirez\MrsRamirez_talk\raw-sheet-clean.png",".png","992177"
"BikeBrowserWorld__Assets__Characters__MrsRamirez__MrsRamirez_talk__raw-sheet.png","C:\dev\bikebrowser\BikeBrowserWorld\Assets\Characters\MrsRamirez\MrsRamirez_talk\raw-sheet.png",".png","1929915"
"BikeBrowserWorld__Assets__Characters__MrsRamirez__MrsRamirez_talk__sheet-transparent.png","C:\dev\bikebrowser\BikeBrowserWorld\Assets\Characters\MrsRamirez\MrsRamirez_talk\sheet-transparent.png",".png","129046"
"BikeBrowserWorld__Assets__Characters__MrsRamirez__MrsRamirez_talk.png","C:\dev\bikebrowser\BikeBrowserWorld\Assets\Characters\MrsRamirez\MrsRamirez_talk.png",".png","129046"
"BikeBrowserWorld__Assets__Characters__NPCs__MrChen__MrChen_idle.aseprite","C:\dev\bikebrowser\BikeBrowserWorld\Assets\Characters\NPCs\MrChen\MrChen_idle.aseprite",".aseprite","2473"
"BikeBrowserWorld__Assets__Characters__NPCs__MrChen__MrChen_idle.png","C:\dev\bikebrowser\BikeBrowserWorld\Assets\Characters\NPCs\MrChen\MrChen_idle.png",".png","110986"
"BikeBrowserWorld__Assets__Characters__NPCs__MrChen__MrChen_idle.pre_normalize.png","C:\dev\bikebrowser\BikeBrowserWorld\Assets\Characters\NPCs\MrChen\MrChen_idle.pre_normalize.png",".png","110569"
"BikeBrowserWorld__Assets__Characters__NPCs__MrChen__MrChen_point.png","C:\dev\bikebrowser\BikeBrowserWorld\Assets\Characters\NPCs\MrChen\MrChen_point.png",".png","132000"
"BikeBrowserWorld__Assets__Characters__NPCs__MrChen__MrChen_point.pre_normalize.png","C:\dev\bikebrowser\BikeBrowserWorld\Assets\Characters\NPCs\MrChen\MrChen_point.pre_normalize.png",".png","131866"
"BikeBrowserWorld__Assets__Characters__NPCs__MrChen__MrChen_repair.png","C:\dev\bikebrowser\BikeBrowserWorld\Assets\Characters\NPCs\MrChen\MrChen_repair.png",".png","105853"
"BikeBrowserWorld__Assets__Characters__NPCs__MrChen__MrChen_repair.pre_normalize.png","C:\dev\bikebrowser\BikeBrowserWorld\Assets\Characters\NPCs\MrChen\MrChen_repair.pre_normalize.png",".png","105441"
"BikeBrowserWorld__Assets__Characters__NPCs__MrChen__MrChen_talk.png","C:\dev\bikebrowser\BikeBrowserWorld\Assets\Characters\NPCs\MrChen\MrChen_talk.png",".png","116743"
"BikeBrowserWorld__Assets__Characters__NPCs__MrChen__MrChen_talk.pre_normalize.png","C:\dev\bikebrowser\BikeBrowserWorld\Assets\Characters\NPCs\MrChen\MrChen_talk.pre_normalize.png",".png","116666"
"BikeBrowserWorld__Assets__Characters__RangerNita__RangerNita_idle__RangerNita_idle-1.png","C:\dev\bikebrowser\BikeBrowserWorld\Assets\Characters\RangerNita\RangerNita_idle\RangerNita_idle-1.png",".png","9231"
"BikeBrowserWorld__Assets__Characters__RangerNita__RangerNita_idle__RangerNita_idle-10.png","C:\dev\bikebrowser\BikeBrowserWorld\Assets\Characters\RangerNita\RangerNita_idle\RangerNita_idle-10.png",".png","7954"
"BikeBrowserWorld__Assets__Characters__RangerNita__RangerNita_idle__RangerNita_idle-11.png","C:\dev\bikebrowser\BikeBrowserWorld\Assets\Characters\RangerNita\RangerNita_idle\RangerNita_idle-11.png",".png","7890"
"BikeBrowserWorld__Assets__Characters__RangerNita__RangerNita_idle__RangerNita_idle-12.png","C:\dev\bikebrowser\BikeBrowserWorld\Assets\Characters\RangerNita\RangerNita_idle\RangerNita_idle-12.png",".png","8443"
"BikeBrowserWorld__Assets__Characters__RangerNita__RangerNita_idle__RangerNita_idle-13.png","C:\dev\bikebrowser\BikeBrowserWorld\Assets\Characters\RangerNita\RangerNita_idle\RangerNita_idle-13.png",".png","8550"
"BikeBrowserWorld__Assets__Characters__RangerNita__RangerNita_idle__RangerNita_idle-14.png","C:\dev\bikebrowser\BikeBrowserWorld\Assets\Characters\RangerNita\RangerNita_idle\RangerNita_idle-14.png",".png","8328"
"BikeBrowserWorld__Assets__Characters__RangerNita__RangerNita_idle__RangerNita_idle-15.png","C:\dev\bikebrowser\BikeBrowserWorld\Assets\Characters\RangerNita\RangerNita_idle\RangerNita_idle-15.png",".png","8466"
"BikeBrowserWorld__Assets__Characters__RangerNita__RangerNita_idle__RangerNita_idle-16.png","C:\dev\bikebrowser\BikeBrowserWorld\Assets\Characters\RangerNita\RangerNita_idle\RangerNita_idle-16.png",".png","8455"
"BikeBrowserWorld__Assets__Characters__RangerNita__RangerNita_idle__RangerNita_idle-2.png","C:\dev\bikebrowser\BikeBrowserWorld\Assets\Characters\RangerNita\RangerNita_idle\RangerNita_idle-2.png",".png","9140"
"BikeBrowserWorld__Assets__Characters__RangerNita__RangerNita_idle__RangerNita_idle-3.png","C:\dev\bikebrowser\BikeBrowserWorld\Assets\Characters\RangerNita\RangerNita_idle\RangerNita_idle-3.png",".png","9015"
"BikeBrowserWorld__Assets__Characters__RangerNita__RangerNita_idle__RangerNita_idle-4.png","C:\dev\bikebrowser\BikeBrowserWorld\Assets\Characters\RangerNita\RangerNita_idle\RangerNita_idle-4.png",".png","9090"
"BikeBrowserWorld__Assets__Characters__RangerNita__RangerNita_idle__RangerNita_idle-5.png","C:\dev\bikebrowser\BikeBrowserWorld\Assets\Characters\RangerNita\RangerNita_idle\RangerNita_idle-5.png",".png","7780"
"BikeBrowserWorld__Assets__Characters__RangerNita__RangerNita_idle__RangerNita_idle-6.png","C:\dev\bikebrowser\BikeBrowserWorld\Assets\Characters\RangerNita\RangerNita_idle\RangerNita_idle-6.png",".png","7925"
"BikeBrowserWorld__Assets__Characters__RangerNita__RangerNita_idle__RangerNita_idle-7.png","C:\dev\bikebrowser\BikeBrowserWorld\Assets\Characters\RangerNita\RangerNita_idle\RangerNita_idle-7.png",".png","8091"
"BikeBrowserWorld__Assets__Characters__RangerNita__RangerNita_idle__RangerNita_idle-8.png","C:\dev\bikebrowser\BikeBrowserWorld\Assets\Characters\RangerNita\RangerNita_idle\RangerNita_idle-8.png",".png","8400"
"BikeBrowserWorld__Assets__Characters__RangerNita__RangerNita_idle__RangerNita_idle-9.png","C:\dev\bikebrowser\BikeBrowserWorld\Assets\Characters\RangerNita\RangerNita_idle\RangerNita_idle-9.png",".png","7821"
"BikeBrowserWorld__Assets__Characters__RangerNita__RangerNita_idle__raw-sheet-clean.png","C:\dev\bikebrowser\BikeBrowserWorld\Assets\Characters\RangerNita\RangerNita_idle\raw-sheet-clean.png",".png","905525"
"BikeBrowserWorld__Assets__Characters__RangerNita__RangerNita_idle__raw-sheet.png","C:\dev\bikebrowser\BikeBrowserWorld\Assets\Characters\RangerNita\RangerNita_idle\raw-sheet.png",".png","1864885"
"BikeBrowserWorld__Assets__Characters__RangerNita__RangerNita_idle__sheet-transparent.png","C:\dev\bikebrowser\BikeBrowserWorld\Assets\Characters\RangerNita\RangerNita_idle\sheet-transparent.png",".png","120328"
"BikeBrowserWorld__Assets__Characters__RangerNita__RangerNita_idle.png","C:\dev\bikebrowser\BikeBrowserWorld\Assets\Characters\RangerNita\RangerNita_idle.png",".png","120328"
"BikeBrowserWorld__Assets__Characters__RangerNita__RangerNita_point__RangerNita_point-1.png","C:\dev\bikebrowser\BikeBrowserWorld\Assets\Characters\RangerNita\RangerNita_point\RangerNita_point-1.png",".png","9331"
"BikeBrowserWorld__Assets__Characters__RangerNita__RangerNita_point__RangerNita_point-10.png","C:\dev\bikebrowser\BikeBrowserWorld\Assets\Characters\RangerNita\RangerNita_point\RangerNita_point-10.png",".png","8915"
"BikeBrowserWorld__Assets__Characters__RangerNita__RangerNita_point__RangerNita_point-11.png","C:\dev\bikebrowser\BikeBrowserWorld\Assets\Characters\RangerNita\RangerNita_point\RangerNita_point-11.png",".png","8886"
"BikeBrowserWorld__Assets__Characters__RangerNita__RangerNita_point__RangerNita_point-12.png","C:\dev\bikebrowser\BikeBrowserWorld\Assets\Characters\RangerNita\RangerNita_point\RangerNita_point-12.png",".png","8969"
"BikeBrowserWorld__Assets__Characters__RangerNita__RangerNita_point__RangerNita_point-13.png","C:\dev\bikebrowser\BikeBrowserWorld\Assets\Characters\RangerNita\RangerNita_point\RangerNita_point-13.png",".png","8648"
"BikeBrowserWorld__Assets__Characters__RangerNita__RangerNita_point__RangerNita_point-14.png","C:\dev\bikebrowser\BikeBrowserWorld\Assets\Characters\RangerNita\RangerNita_point\RangerNita_point-14.png",".png","8866"
"BikeBrowserWorld__Assets__Characters__RangerNita__RangerNita_point__RangerNita_point-15.png","C:\dev\bikebrowser\BikeBrowserWorld\Assets\Characters\RangerNita\RangerNita_point\RangerNita_point-15.png",".png","8973"
"BikeBrowserWorld__Assets__Characters__RangerNita__RangerNita_point__RangerNita_point-16.png","C:\dev\bikebrowser\BikeBrowserWorld\Assets\Characters\RangerNita\RangerNita_point\RangerNita_point-16.png",".png","8900"
"BikeBrowserWorld__Assets__Characters__RangerNita__RangerNita_point__RangerNita_point-2.png","C:\dev\bikebrowser\BikeBrowserWorld\Assets\Characters\RangerNita\RangerNita_point\RangerNita_point-2.png",".png","9539"
"BikeBrowserWorld__Assets__Characters__RangerNita__RangerNita_point__RangerNita_point-3.png","C:\dev\bikebrowser\BikeBrowserWorld\Assets\Characters\RangerNita\RangerNita_point\RangerNita_point-3.png",".png","9467"
"BikeBrowserWorld__Assets__Characters__RangerNita__RangerNita_point__RangerNita_point-4.png","C:\dev\bikebrowser\BikeBrowserWorld\Assets\Characters\RangerNita\RangerNita_point\RangerNita_point-4.png",".png","9466"
"BikeBrowserWorld__Assets__Characters__RangerNita__RangerNita_point__RangerNita_point-5.png","C:\dev\bikebrowser\BikeBrowserWorld\Assets\Characters\RangerNita\RangerNita_point\RangerNita_point-5.png",".png","7757"
"BikeBrowserWorld__Assets__Characters__RangerNita__RangerNita_point__RangerNita_point-6.png","C:\dev\bikebrowser\BikeBrowserWorld\Assets\Characters\RangerNita\RangerNita_point\RangerNita_point-6.png",".png","8893"
"BikeBrowserWorld__Assets__Characters__RangerNita__RangerNita_point__RangerNita_point-7.png","C:\dev\bikebrowser\BikeBrowserWorld\Assets\Characters\RangerNita\RangerNita_point\RangerNita_point-7.png",".png","8808"
"BikeBrowserWorld__Assets__Characters__RangerNita__RangerNita_point__RangerNita_point-8.png","C:\dev\bikebrowser\BikeBrowserWorld\Assets\Characters\RangerNita\RangerNita_point\RangerNita_point-8.png",".png","8990"
"BikeBrowserWorld__Assets__Characters__RangerNita__RangerNita_point__RangerNita_point-9.png","C:\dev\bikebrowser\BikeBrowserWorld\Assets\Characters\RangerNita\RangerNita_point\RangerNita_point-9.png",".png","7940"
"BikeBrowserWorld__Assets__Characters__RangerNita__RangerNita_point__raw-sheet-clean.png","C:\dev\bikebrowser\BikeBrowserWorld\Assets\Characters\RangerNita\RangerNita_point\raw-sheet-clean.png",".png","982251"
"BikeBrowserWorld__Assets__Characters__RangerNita__RangerNita_point__raw-sheet.png","C:\dev\bikebrowser\BikeBrowserWorld\Assets\Characters\RangerNita\RangerNita_point\raw-sheet.png",".png","1950620"
"BikeBrowserWorld__Assets__Characters__RangerNita__RangerNita_point__sheet-transparent.png","C:\dev\bikebrowser\BikeBrowserWorld\Assets\Characters\RangerNita\RangerNita_point\sheet-transparent.png",".png","127041"
"BikeBrowserWorld__Assets__Characters__RangerNita__RangerNita_point.png","C:\dev\bikebrowser\BikeBrowserWorld\Assets\Characters\RangerNita\RangerNita_point.png",".png","127041"
"BikeBrowserWorld__Assets__Characters__RangerNita__RangerNita_talk__RangerNita_talk-1.png","C:\dev\bikebrowser\BikeBrowserWorld\Assets\Characters\RangerNita\RangerNita_talk\RangerNita_talk-1.png",".png","9099"
"BikeBrowserWorld__Assets__Characters__RangerNita__RangerNita_talk__RangerNita_talk-10.png","C:\dev\bikebrowser\BikeBrowserWorld\Assets\Characters\RangerNita\RangerNita_talk\RangerNita_talk-10.png",".png","8554"
"BikeBrowserWorld__Assets__Characters__RangerNita__RangerNita_talk__RangerNita_talk-11.png","C:\dev\bikebrowser\BikeBrowserWorld\Assets\Characters\RangerNita\RangerNita_talk\RangerNita_talk-11.png",".png","8853"
"BikeBrowserWorld__Assets__Characters__RangerNita__RangerNita_talk__RangerNita_talk-12.png","C:\dev\bikebrowser\BikeBrowserWorld\Assets\Characters\RangerNita\RangerNita_talk\RangerNita_talk-12.png",".png","8506"
"BikeBrowserWorld__Assets__Characters__RangerNita__RangerNita_talk__RangerNita_talk-13.png","C:\dev\bikebrowser\BikeBrowserWorld\Assets\Characters\RangerNita\RangerNita_talk\RangerNita_talk-13.png",".png","8650"
"BikeBrowserWorld__Assets__Characters__RangerNita__RangerNita_talk__RangerNita_talk-14.png","C:\dev\bikebrowser\BikeBrowserWorld\Assets\Characters\RangerNita\RangerNita_talk\RangerNita_talk-14.png",".png","8787"
"BikeBrowserWorld__Assets__Characters__RangerNita__RangerNita_talk__RangerNita_talk-15.png","C:\dev\bikebrowser\BikeBrowserWorld\Assets\Characters\RangerNita\RangerNita_talk\RangerNita_talk-15.png",".png","8924"
"BikeBrowserWorld__Assets__Characters__RangerNita__RangerNita_talk__RangerNita_talk-16.png","C:\dev\bikebrowser\BikeBrowserWorld\Assets\Characters\RangerNita\RangerNita_talk\RangerNita_talk-16.png",".png","8765"
"BikeBrowserWorld__Assets__Characters__RangerNita__RangerNita_talk__RangerNita_talk-2.png","C:\dev\bikebrowser\BikeBrowserWorld\Assets\Characters\RangerNita\RangerNita_talk\RangerNita_talk-2.png",".png","9600"
"BikeBrowserWorld__Assets__Characters__RangerNita__RangerNita_talk__RangerNita_talk-3.png","C:\dev\bikebrowser\BikeBrowserWorld\Assets\Characters\RangerNita\RangerNita_talk\RangerNita_talk-3.png",".png","9666"
"BikeBrowserWorld__Assets__Characters__RangerNita__RangerNita_talk__RangerNita_talk-4.png","C:\dev\bikebrowser\BikeBrowserWorld\Assets\Characters\RangerNita\RangerNita_talk\RangerNita_talk-4.png",".png","9623"
"BikeBrowserWorld__Assets__Characters__RangerNita__RangerNita_talk__RangerNita_talk-5.png","C:\dev\bikebrowser\BikeBrowserWorld\Assets\Characters\RangerNita\RangerNita_talk\RangerNita_talk-5.png",".png","8281"
"BikeBrowserWorld__Assets__Characters__RangerNita__RangerNita_talk__RangerNita_talk-6.png","C:\dev\bikebrowser\BikeBrowserWorld\Assets\Characters\RangerNita\RangerNita_talk\RangerNita_talk-6.png",".png","8649"
"BikeBrowserWorld__Assets__Characters__RangerNita__RangerNita_talk__RangerNita_talk-7.png","C:\dev\bikebrowser\BikeBrowserWorld\Assets\Characters\RangerNita\RangerNita_talk\RangerNita_talk-7.png",".png","8752"
"BikeBrowserWorld__Assets__Characters__RangerNita__RangerNita_talk__RangerNita_talk-8.png","C:\dev\bikebrowser\BikeBrowserWorld\Assets\Characters\RangerNita\RangerNita_talk\RangerNita_talk-8.png",".png","8500"
"BikeBrowserWorld__Assets__Characters__RangerNita__RangerNita_talk__RangerNita_talk-9.png","C:\dev\bikebrowser\BikeBrowserWorld\Assets\Characters\RangerNita\RangerNita_talk\RangerNita_talk-9.png",".png","7789"
"BikeBrowserWorld__Assets__Characters__RangerNita__RangerNita_talk__raw-sheet-clean.png","C:\dev\bikebrowser\BikeBrowserWorld\Assets\Characters\RangerNita\RangerNita_talk\raw-sheet-clean.png",".png","993218"
"BikeBrowserWorld__Assets__Characters__RangerNita__RangerNita_talk__raw-sheet.png","C:\dev\bikebrowser\BikeBrowserWorld\Assets\Characters\RangerNita\RangerNita_talk\raw-sheet.png",".png","1957668"
"BikeBrowserWorld__Assets__Characters__RangerNita__RangerNita_talk__sheet-transparent.png","C:\dev\bikebrowser\BikeBrowserWorld\Assets\Characters\RangerNita\RangerNita_talk\sheet-transparent.png",".png","125658"
"BikeBrowserWorld__Assets__Characters__RangerNita__RangerNita_talk.png","C:\dev\bikebrowser\BikeBrowserWorld\Assets\Characters\RangerNita\RangerNita_talk.png",".png","125658"
"BikeBrowserWorld__Assets__Characters__Zevon__Zevon_idle__raw-sheet-clean.png","C:\dev\bikebrowser\BikeBrowserWorld\Assets\Characters\Zevon\Zevon_idle\raw-sheet-clean.png",".png","966400"
"BikeBrowserWorld__Assets__Characters__Zevon__Zevon_idle__raw-sheet.png","C:\dev\bikebrowser\BikeBrowserWorld\Assets\Characters\Zevon\Zevon_idle\raw-sheet.png",".png","1935246"
"BikeBrowserWorld__Assets__Characters__Zevon__Zevon_idle__sheet-transparent.png","C:\dev\bikebrowser\BikeBrowserWorld\Assets\Characters\Zevon\Zevon_idle\sheet-transparent.png",".png","125641"
"BikeBrowserWorld__Assets__Characters__Zevon__Zevon_idle__Zevon_idle-1.png","C:\dev\bikebrowser\BikeBrowserWorld\Assets\Characters\Zevon\Zevon_idle\Zevon_idle-1.png",".png","9412"
"BikeBrowserWorld__Assets__Characters__Zevon__Zevon_idle__Zevon_idle-10.png","C:\dev\bikebrowser\BikeBrowserWorld\Assets\Characters\Zevon\Zevon_idle\Zevon_idle-10.png",".png","8458"
"BikeBrowserWorld__Assets__Characters__Zevon__Zevon_idle__Zevon_idle-11.png","C:\dev\bikebrowser\BikeBrowserWorld\Assets\Characters\Zevon\Zevon_idle\Zevon_idle-11.png",".png","8454"
"BikeBrowserWorld__Assets__Characters__Zevon__Zevon_idle__Zevon_idle-12.png","C:\dev\bikebrowser\BikeBrowserWorld\Assets\Characters\Zevon\Zevon_idle\Zevon_idle-12.png",".png","8320"
"BikeBrowserWorld__Assets__Characters__Zevon__Zevon_idle__Zevon_idle-13.png","C:\dev\bikebrowser\BikeBrowserWorld\Assets\Characters\Zevon\Zevon_idle\Zevon_idle-13.png",".png","8715"
"BikeBrowserWorld__Assets__Characters__Zevon__Zevon_idle__Zevon_idle-14.png","C:\dev\bikebrowser\BikeBrowserWorld\Assets\Characters\Zevon\Zevon_idle\Zevon_idle-14.png",".png","8783"
"BikeBrowserWorld__Assets__Characters__Zevon__Zevon_idle__Zevon_idle-15.png","C:\dev\bikebrowser\BikeBrowserWorld\Assets\Characters\Zevon\Zevon_idle\Zevon_idle-15.png",".png","8787"
"BikeBrowserWorld__Assets__Characters__Zevon__Zevon_idle__Zevon_idle-16.png","C:\dev\bikebrowser\BikeBrowserWorld\Assets\Characters\Zevon\Zevon_idle\Zevon_idle-16.png",".png","8818"
"BikeBrowserWorld__Assets__Characters__Zevon__Zevon_idle__Zevon_idle-2.png","C:\dev\bikebrowser\BikeBrowserWorld\Assets\Characters\Zevon\Zevon_idle\Zevon_idle-2.png",".png","9308"
"BikeBrowserWorld__Assets__Characters__Zevon__Zevon_idle__Zevon_idle-3.png","C:\dev\bikebrowser\BikeBrowserWorld\Assets\Characters\Zevon\Zevon_idle\Zevon_idle-3.png",".png","9284"
"BikeBrowserWorld__Assets__Characters__Zevon__Zevon_idle__Zevon_idle-4.png","C:\dev\bikebrowser\BikeBrowserWorld\Assets\Characters\Zevon\Zevon_idle\Zevon_idle-4.png",".png","9112"
"BikeBrowserWorld__Assets__Characters__Zevon__Zevon_idle__Zevon_idle-5.png","C:\dev\bikebrowser\BikeBrowserWorld\Assets\Characters\Zevon\Zevon_idle\Zevon_idle-5.png",".png","8462"
"BikeBrowserWorld__Assets__Characters__Zevon__Zevon_idle__Zevon_idle-6.png","C:\dev\bikebrowser\BikeBrowserWorld\Assets\Characters\Zevon\Zevon_idle\Zevon_idle-6.png",".png","8448"
"BikeBrowserWorld__Assets__Characters__Zevon__Zevon_idle__Zevon_idle-7.png","C:\dev\bikebrowser\BikeBrowserWorld\Assets\Characters\Zevon\Zevon_idle\Zevon_idle-7.png",".png","8571"
"BikeBrowserWorld__Assets__Characters__Zevon__Zevon_idle__Zevon_idle-8.png","C:\dev\bikebrowser\BikeBrowserWorld\Assets\Characters\Zevon\Zevon_idle\Zevon_idle-8.png",".png","8381"
"BikeBrowserWorld__Assets__Characters__Zevon__Zevon_idle__Zevon_idle-9.png","C:\dev\bikebrowser\BikeBrowserWorld\Assets\Characters\Zevon\Zevon_idle\Zevon_idle-9.png",".png","8397"
"BikeBrowserWorld__Assets__Characters__Zevon__Zevon_idle.png","C:\dev\bikebrowser\BikeBrowserWorld\Assets\Characters\Zevon\Zevon_idle.png",".png","125641"
"BikeBrowserWorld__Assets__Characters__Zevon__Zevon_talk__raw-sheet-clean.png","C:\dev\bikebrowser\BikeBrowserWorld\Assets\Characters\Zevon\Zevon_talk\raw-sheet-clean.png",".png","1008805"
"BikeBrowserWorld__Assets__Characters__Zevon__Zevon_talk__raw-sheet.png","C:\dev\bikebrowser\BikeBrowserWorld\Assets\Characters\Zevon\Zevon_talk\raw-sheet.png",".png","1990789"
"BikeBrowserWorld__Assets__Characters__Zevon__Zevon_talk__sheet-transparent.png","C:\dev\bikebrowser\BikeBrowserWorld\Assets\Characters\Zevon\Zevon_talk\sheet-transparent.png",".png","125313"
"BikeBrowserWorld__Assets__Characters__Zevon__Zevon_talk__Zevon_talk-1.png","C:\dev\bikebrowser\BikeBrowserWorld\Assets\Characters\Zevon\Zevon_talk\Zevon_talk-1.png",".png","8948"
"BikeBrowserWorld__Assets__Characters__Zevon__Zevon_talk__Zevon_talk-10.png","C:\dev\bikebrowser\BikeBrowserWorld\Assets\Characters\Zevon\Zevon_talk\Zevon_talk-10.png",".png","8634"
"BikeBrowserWorld__Assets__Characters__Zevon__Zevon_talk__Zevon_talk-11.png","C:\dev\bikebrowser\BikeBrowserWorld\Assets\Characters\Zevon\Zevon_talk\Zevon_talk-11.png",".png","8556"
"BikeBrowserWorld__Assets__Characters__Zevon__Zevon_talk__Zevon_talk-12.png","C:\dev\bikebrowser\BikeBrowserWorld\Assets\Characters\Zevon\Zevon_talk\Zevon_talk-12.png",".png","8543"
"BikeBrowserWorld__Assets__Characters__Zevon__Zevon_talk__Zevon_talk-13.png","C:\dev\bikebrowser\BikeBrowserWorld\Assets\Characters\Zevon\Zevon_talk\Zevon_talk-13.png",".png","8215"
"BikeBrowserWorld__Assets__Characters__Zevon__Zevon_talk__Zevon_talk-14.png","C:\dev\bikebrowser\BikeBrowserWorld\Assets\Characters\Zevon\Zevon_talk\Zevon_talk-14.png",".png","8717"
"BikeBrowserWorld__Assets__Characters__Zevon__Zevon_talk__Zevon_talk-15.png","C:\dev\bikebrowser\BikeBrowserWorld\Assets\Characters\Zevon\Zevon_talk\Zevon_talk-15.png",".png","8955"
"BikeBrowserWorld__Assets__Characters__Zevon__Zevon_talk__Zevon_talk-16.png","C:\dev\bikebrowser\BikeBrowserWorld\Assets\Characters\Zevon\Zevon_talk\Zevon_talk-16.png",".png","8695"
"BikeBrowserWorld__Assets__Characters__Zevon__Zevon_talk__Zevon_talk-2.png","C:\dev\bikebrowser\BikeBrowserWorld\Assets\Characters\Zevon\Zevon_talk\Zevon_talk-2.png",".png","9319"
"BikeBrowserWorld__Assets__Characters__Zevon__Zevon_talk__Zevon_talk-3.png","C:\dev\bikebrowser\BikeBrowserWorld\Assets\Characters\Zevon\Zevon_talk\Zevon_talk-3.png",".png","9763"
"BikeBrowserWorld__Assets__Characters__Zevon__Zevon_talk__Zevon_talk-4.png","C:\dev\bikebrowser\BikeBrowserWorld\Assets\Characters\Zevon\Zevon_talk\Zevon_talk-4.png",".png","9300"
"BikeBrowserWorld__Assets__Characters__Zevon__Zevon_talk__Zevon_talk-5.png","C:\dev\bikebrowser\BikeBrowserWorld\Assets\Characters\Zevon\Zevon_talk\Zevon_talk-5.png",".png","8072"
"BikeBrowserWorld__Assets__Characters__Zevon__Zevon_talk__Zevon_talk-6.png","C:\dev\bikebrowser\BikeBrowserWorld\Assets\Characters\Zevon\Zevon_talk\Zevon_talk-6.png",".png","8716"
"BikeBrowserWorld__Assets__Characters__Zevon__Zevon_talk__Zevon_talk-7.png","C:\dev\bikebrowser\BikeBrowserWorld\Assets\Characters\Zevon\Zevon_talk\Zevon_talk-7.png",".png","8601"
"BikeBrowserWorld__Assets__Characters__Zevon__Zevon_talk__Zevon_talk-8.png","C:\dev\bikebrowser\BikeBrowserWorld\Assets\Characters\Zevon\Zevon_talk\Zevon_talk-8.png",".png","8527"
"BikeBrowserWorld__Assets__Characters__Zevon__Zevon_talk__Zevon_talk-9.png","C:\dev\bikebrowser\BikeBrowserWorld\Assets\Characters\Zevon\Zevon_talk\Zevon_talk-9.png",".png","8124"
"BikeBrowserWorld__Assets__Characters__Zevon__Zevon_talk.png","C:\dev\bikebrowser\BikeBrowserWorld\Assets\Characters\Zevon\Zevon_talk.png",".png","125313"
"BikeBrowserWorld__Assets__Characters__Zuzu__Forge__zuzu_celebrate_4dir_v1__raw-sheet-clean.png","C:\dev\bikebrowser\BikeBrowserWorld\Assets\Characters\Zuzu\Forge\zuzu_celebrate_4dir_v1\raw-sheet-clean.png",".png","591395"
"BikeBrowserWorld__Assets__Characters__Zuzu__Forge__zuzu_celebrate_4dir_v1__raw-sheet.png","C:\dev\bikebrowser\BikeBrowserWorld\Assets\Characters\Zuzu\Forge\zuzu_celebrate_4dir_v1\raw-sheet.png",".png","1603158"
"BikeBrowserWorld__Assets__Characters__Zuzu__Forge__zuzu_celebrate_4dir_v1__sheet-transparent.png","C:\dev\bikebrowser\BikeBrowserWorld\Assets\Characters\Zuzu\Forge\zuzu_celebrate_4dir_v1\sheet-transparent.png",".png","32626"
"BikeBrowserWorld__Assets__Characters__Zuzu__Forge__zuzu_celebrate_4dir_v1__zuzu_celebrate-1.png","C:\dev\bikebrowser\BikeBrowserWorld\Assets\Characters\Zuzu\Forge\zuzu_celebrate_4dir_v1\zuzu_celebrate-1.png",".png","2312"
"BikeBrowserWorld__Assets__Characters__Zuzu__Forge__zuzu_celebrate_4dir_v1__zuzu_celebrate-10.png","C:\dev\bikebrowser\BikeBrowserWorld\Assets\Characters\Zuzu\Forge\zuzu_celebrate_4dir_v1\zuzu_celebrate-10.png",".png","2379"
"BikeBrowserWorld__Assets__Characters__Zuzu__Forge__zuzu_celebrate_4dir_v1__zuzu_celebrate-11.png","C:\dev\bikebrowser\BikeBrowserWorld\Assets\Characters\Zuzu\Forge\zuzu_celebrate_4dir_v1\zuzu_celebrate-11.png",".png","2582"
"BikeBrowserWorld__Assets__Characters__Zuzu__Forge__zuzu_celebrate_4dir_v1__zuzu_celebrate-12.png","C:\dev\bikebrowser\BikeBrowserWorld\Assets\Characters\Zuzu\Forge\zuzu_celebrate_4dir_v1\zuzu_celebrate-12.png",".png","2309"
"BikeBrowserWorld__Assets__Characters__Zuzu__Forge__zuzu_celebrate_4dir_v1__zuzu_celebrate-13.png","C:\dev\bikebrowser\BikeBrowserWorld\Assets\Characters\Zuzu\Forge\zuzu_celebrate_4dir_v1\zuzu_celebrate-13.png",".png","2125"
"BikeBrowserWorld__Assets__Characters__Zuzu__Forge__zuzu_celebrate_4dir_v1__zuzu_celebrate-14.png","C:\dev\bikebrowser\BikeBrowserWorld\Assets\Characters\Zuzu\Forge\zuzu_celebrate_4dir_v1\zuzu_celebrate-14.png",".png","2360"
"BikeBrowserWorld__Assets__Characters__Zuzu__Forge__zuzu_celebrate_4dir_v1__zuzu_celebrate-15.png","C:\dev\bikebrowser\BikeBrowserWorld\Assets\Characters\Zuzu\Forge\zuzu_celebrate_4dir_v1\zuzu_celebrate-15.png",".png","2594"
"BikeBrowserWorld__Assets__Characters__Zuzu__Forge__zuzu_celebrate_4dir_v1__zuzu_celebrate-16.png","C:\dev\bikebrowser\BikeBrowserWorld\Assets\Characters\Zuzu\Forge\zuzu_celebrate_4dir_v1\zuzu_celebrate-16.png",".png","2200"
"BikeBrowserWorld__Assets__Characters__Zuzu__Forge__zuzu_celebrate_4dir_v1__zuzu_celebrate-2.png","C:\dev\bikebrowser\BikeBrowserWorld\Assets\Characters\Zuzu\Forge\zuzu_celebrate_4dir_v1\zuzu_celebrate-2.png",".png","2517"
"BikeBrowserWorld__Assets__Characters__Zuzu__Forge__zuzu_celebrate_4dir_v1__zuzu_celebrate-3.png","C:\dev\bikebrowser\BikeBrowserWorld\Assets\Characters\Zuzu\Forge\zuzu_celebrate_4dir_v1\zuzu_celebrate-3.png",".png","2665"
"BikeBrowserWorld__Assets__Characters__Zuzu__Forge__zuzu_celebrate_4dir_v1__zuzu_celebrate-4.png","C:\dev\bikebrowser\BikeBrowserWorld\Assets\Characters\Zuzu\Forge\zuzu_celebrate_4dir_v1\zuzu_celebrate-4.png",".png","2511"
"BikeBrowserWorld__Assets__Characters__Zuzu__Forge__zuzu_celebrate_4dir_v1__zuzu_celebrate-5.png","C:\dev\bikebrowser\BikeBrowserWorld\Assets\Characters\Zuzu\Forge\zuzu_celebrate_4dir_v1\zuzu_celebrate-5.png",".png","1968"
"BikeBrowserWorld__Assets__Characters__Zuzu__Forge__zuzu_celebrate_4dir_v1__zuzu_celebrate-6.png","C:\dev\bikebrowser\BikeBrowserWorld\Assets\Characters\Zuzu\Forge\zuzu_celebrate_4dir_v1\zuzu_celebrate-6.png",".png","2418"
"BikeBrowserWorld__Assets__Characters__Zuzu__Forge__zuzu_celebrate_4dir_v1__zuzu_celebrate-7.png","C:\dev\bikebrowser\BikeBrowserWorld\Assets\Characters\Zuzu\Forge\zuzu_celebrate_4dir_v1\zuzu_celebrate-7.png",".png","2595"
"BikeBrowserWorld__Assets__Characters__Zuzu__Forge__zuzu_celebrate_4dir_v1__zuzu_celebrate-8.png","C:\dev\bikebrowser\BikeBrowserWorld\Assets\Characters\Zuzu\Forge\zuzu_celebrate_4dir_v1\zuzu_celebrate-8.png",".png","2411"
"BikeBrowserWorld__Assets__Characters__Zuzu__Forge__zuzu_celebrate_4dir_v1__zuzu_celebrate-9.png","C:\dev\bikebrowser\BikeBrowserWorld\Assets\Characters\Zuzu\Forge\zuzu_celebrate_4dir_v1\zuzu_celebrate-9.png",".png","1898"
"BikeBrowserWorld__Assets__Characters__Zuzu__Forge__zuzu_idle_4dir_v1__raw-sheet-clean.png","C:\dev\bikebrowser\BikeBrowserWorld\Assets\Characters\Zuzu\Forge\zuzu_idle_4dir_v1\raw-sheet-clean.png",".png","521069"
"BikeBrowserWorld__Assets__Characters__Zuzu__Forge__zuzu_idle_4dir_v1__raw-sheet.png","C:\dev\bikebrowser\BikeBrowserWorld\Assets\Characters\Zuzu\Forge\zuzu_idle_4dir_v1\raw-sheet.png",".png","1516833"
"BikeBrowserWorld__Assets__Characters__Zuzu__Forge__zuzu_idle_4dir_v1__sheet-transparent.png","C:\dev\bikebrowser\BikeBrowserWorld\Assets\Characters\Zuzu\Forge\zuzu_idle_4dir_v1\sheet-transparent.png",".png","29436"
"BikeBrowserWorld__Assets__Characters__Zuzu__Forge__zuzu_idle_4dir_v1__zuzu_idle-1.png","C:\dev\bikebrowser\BikeBrowserWorld\Assets\Characters\Zuzu\Forge\zuzu_idle_4dir_v1\zuzu_idle-1.png",".png","2334"
"BikeBrowserWorld__Assets__Characters__Zuzu__Forge__zuzu_idle_4dir_v1__zuzu_idle-10.png","C:\dev\bikebrowser\BikeBrowserWorld\Assets\Characters\Zuzu\Forge\zuzu_idle_4dir_v1\zuzu_idle-10.png",".png","2173"
"BikeBrowserWorld__Assets__Characters__Zuzu__Forge__zuzu_idle_4dir_v1__zuzu_idle-11.png","C:\dev\bikebrowser\BikeBrowserWorld\Assets\Characters\Zuzu\Forge\zuzu_idle_4dir_v1\zuzu_idle-11.png",".png","2159"
"BikeBrowserWorld__Assets__Characters__Zuzu__Forge__zuzu_idle_4dir_v1__zuzu_idle-12.png","C:\dev\bikebrowser\BikeBrowserWorld\Assets\Characters\Zuzu\Forge\zuzu_idle_4dir_v1\zuzu_idle-12.png",".png","2157"
"BikeBrowserWorld__Assets__Characters__Zuzu__Forge__zuzu_idle_4dir_v1__zuzu_idle-13.png","C:\dev\bikebrowser\BikeBrowserWorld\Assets\Characters\Zuzu\Forge\zuzu_idle_4dir_v1\zuzu_idle-13.png",".png","2101"
"BikeBrowserWorld__Assets__Characters__Zuzu__Forge__zuzu_idle_4dir_v1__zuzu_idle-14.png","C:\dev\bikebrowser\BikeBrowserWorld\Assets\Characters\Zuzu\Forge\zuzu_idle_4dir_v1\zuzu_idle-14.png",".png","2105"
"BikeBrowserWorld__Assets__Characters__Zuzu__Forge__zuzu_idle_4dir_v1__zuzu_idle-15.png","C:\dev\bikebrowser\BikeBrowserWorld\Assets\Characters\Zuzu\Forge\zuzu_idle_4dir_v1\zuzu_idle-15.png",".png","2097"
"BikeBrowserWorld__Assets__Characters__Zuzu__Forge__zuzu_idle_4dir_v1__zuzu_idle-16.png","C:\dev\bikebrowser\BikeBrowserWorld\Assets\Characters\Zuzu\Forge\zuzu_idle_4dir_v1\zuzu_idle-16.png",".png","2070"
"BikeBrowserWorld__Assets__Characters__Zuzu__Forge__zuzu_idle_4dir_v1__zuzu_idle-2.png","C:\dev\bikebrowser\BikeBrowserWorld\Assets\Characters\Zuzu\Forge\zuzu_idle_4dir_v1\zuzu_idle-2.png",".png","2319"
"BikeBrowserWorld__Assets__Characters__Zuzu__Forge__zuzu_idle_4dir_v1__zuzu_idle-3.png","C:\dev\bikebrowser\BikeBrowserWorld\Assets\Characters\Zuzu\Forge\zuzu_idle_4dir_v1\zuzu_idle-3.png",".png","2343"
"BikeBrowserWorld__Assets__Characters__Zuzu__Forge__zuzu_idle_4dir_v1__zuzu_idle-4.png","C:\dev\bikebrowser\BikeBrowserWorld\Assets\Characters\Zuzu\Forge\zuzu_idle_4dir_v1\zuzu_idle-4.png",".png","2288"
"BikeBrowserWorld__Assets__Characters__Zuzu__Forge__zuzu_idle_4dir_v1__zuzu_idle-5.png","C:\dev\bikebrowser\BikeBrowserWorld\Assets\Characters\Zuzu\Forge\zuzu_idle_4dir_v1\zuzu_idle-5.png",".png","2120"
"BikeBrowserWorld__Assets__Characters__Zuzu__Forge__zuzu_idle_4dir_v1__zuzu_idle-6.png","C:\dev\bikebrowser\BikeBrowserWorld\Assets\Characters\Zuzu\Forge\zuzu_idle_4dir_v1\zuzu_idle-6.png",".png","2101"
"BikeBrowserWorld__Assets__Characters__Zuzu__Forge__zuzu_idle_4dir_v1__zuzu_idle-7.png","C:\dev\bikebrowser\BikeBrowserWorld\Assets\Characters\Zuzu\Forge\zuzu_idle_4dir_v1\zuzu_idle-7.png",".png","2099"
"BikeBrowserWorld__Assets__Characters__Zuzu__Forge__zuzu_idle_4dir_v1__zuzu_idle-8.png","C:\dev\bikebrowser\BikeBrowserWorld\Assets\Characters\Zuzu\Forge\zuzu_idle_4dir_v1\zuzu_idle-8.png",".png","2096"
"BikeBrowserWorld__Assets__Characters__Zuzu__Forge__zuzu_idle_4dir_v1__zuzu_idle-9.png","C:\dev\bikebrowser\BikeBrowserWorld\Assets\Characters\Zuzu\Forge\zuzu_idle_4dir_v1\zuzu_idle-9.png",".png","2144"
"BikeBrowserWorld__Assets__Characters__Zuzu__Forge__zuzu_interact_4dir_v1__raw-sheet-clean.png","C:\dev\bikebrowser\BikeBrowserWorld\Assets\Characters\Zuzu\Forge\zuzu_interact_4dir_v1\raw-sheet-clean.png",".png","498414"
"BikeBrowserWorld__Assets__Characters__Zuzu__Forge__zuzu_interact_4dir_v1__raw-sheet.png","C:\dev\bikebrowser\BikeBrowserWorld\Assets\Characters\Zuzu\Forge\zuzu_interact_4dir_v1\raw-sheet.png",".png","1513884"
"BikeBrowserWorld__Assets__Characters__Zuzu__Forge__zuzu_interact_4dir_v1__sheet-transparent.png","C:\dev\bikebrowser\BikeBrowserWorld\Assets\Characters\Zuzu\Forge\zuzu_interact_4dir_v1\sheet-transparent.png",".png","29291"
"BikeBrowserWorld__Assets__Characters__Zuzu__Forge__zuzu_interact_4dir_v1__zuzu_interact-1.png","C:\dev\bikebrowser\BikeBrowserWorld\Assets\Characters\Zuzu\Forge\zuzu_interact_4dir_v1\zuzu_interact-1.png",".png","2112"
"BikeBrowserWorld__Assets__Characters__Zuzu__Forge__zuzu_interact_4dir_v1__zuzu_interact-10.png","C:\dev\bikebrowser\BikeBrowserWorld\Assets\Characters\Zuzu\Forge\zuzu_interact_4dir_v1\zuzu_interact-10.png",".png","2372"
"BikeBrowserWorld__Assets__Characters__Zuzu__Forge__zuzu_interact_4dir_v1__zuzu_interact-11.png","C:\dev\bikebrowser\BikeBrowserWorld\Assets\Characters\Zuzu\Forge\zuzu_interact_4dir_v1\zuzu_interact-11.png",".png","2226"
"BikeBrowserWorld__Assets__Characters__Zuzu__Forge__zuzu_interact_4dir_v1__zuzu_interact-12.png","C:\dev\bikebrowser\BikeBrowserWorld\Assets\Characters\Zuzu\Forge\zuzu_interact_4dir_v1\zuzu_interact-12.png",".png","1960"
"BikeBrowserWorld__Assets__Characters__Zuzu__Forge__zuzu_interact_4dir_v1__zuzu_interact-13.png","C:\dev\bikebrowser\BikeBrowserWorld\Assets\Characters\Zuzu\Forge\zuzu_interact_4dir_v1\zuzu_interact-13.png",".png","2006"
"BikeBrowserWorld__Assets__Characters__Zuzu__Forge__zuzu_interact_4dir_v1__zuzu_interact-14.png","C:\dev\bikebrowser\BikeBrowserWorld\Assets\Characters\Zuzu\Forge\zuzu_interact_4dir_v1\zuzu_interact-14.png",".png","2263"
"BikeBrowserWorld__Assets__Characters__Zuzu__Forge__zuzu_interact_4dir_v1__zuzu_interact-15.png","C:\dev\bikebrowser\BikeBrowserWorld\Assets\Characters\Zuzu\Forge\zuzu_interact_4dir_v1\zuzu_interact-15.png",".png","2049"
"BikeBrowserWorld__Assets__Characters__Zuzu__Forge__zuzu_interact_4dir_v1__zuzu_interact-16.png","C:\dev\bikebrowser\BikeBrowserWorld\Assets\Characters\Zuzu\Forge\zuzu_interact_4dir_v1\zuzu_interact-16.png",".png","1987"
"BikeBrowserWorld__Assets__Characters__Zuzu__Forge__zuzu_interact_4dir_v1__zuzu_interact-2.png","C:\dev\bikebrowser\BikeBrowserWorld\Assets\Characters\Zuzu\Forge\zuzu_interact_4dir_v1\zuzu_interact-2.png",".png","2541"
"BikeBrowserWorld__Assets__Characters__Zuzu__Forge__zuzu_interact_4dir_v1__zuzu_interact-3.png","C:\dev\bikebrowser\BikeBrowserWorld\Assets\Characters\Zuzu\Forge\zuzu_interact_4dir_v1\zuzu_interact-3.png",".png","2299"
"BikeBrowserWorld__Assets__Characters__Zuzu__Forge__zuzu_interact_4dir_v1__zuzu_interact-4.png","C:\dev\bikebrowser\BikeBrowserWorld\Assets\Characters\Zuzu\Forge\zuzu_interact_4dir_v1\zuzu_interact-4.png",".png","2092"
"BikeBrowserWorld__Assets__Characters__Zuzu__Forge__zuzu_interact_4dir_v1__zuzu_interact-5.png","C:\dev\bikebrowser\BikeBrowserWorld\Assets\Characters\Zuzu\Forge\zuzu_interact_4dir_v1\zuzu_interact-5.png",".png","1929"
"BikeBrowserWorld__Assets__Characters__Zuzu__Forge__zuzu_interact_4dir_v1__zuzu_interact-6.png","C:\dev\bikebrowser\BikeBrowserWorld\Assets\Characters\Zuzu\Forge\zuzu_interact_4dir_v1\zuzu_interact-6.png",".png","2359"
"BikeBrowserWorld__Assets__Characters__Zuzu__Forge__zuzu_interact_4dir_v1__zuzu_interact-7.png","C:\dev\bikebrowser\BikeBrowserWorld\Assets\Characters\Zuzu\Forge\zuzu_interact_4dir_v1\zuzu_interact-7.png",".png","2341"
"BikeBrowserWorld__Assets__Characters__Zuzu__Forge__zuzu_interact_4dir_v1__zuzu_interact-8.png","C:\dev\bikebrowser\BikeBrowserWorld\Assets\Characters\Zuzu\Forge\zuzu_interact_4dir_v1\zuzu_interact-8.png",".png","1935"
"BikeBrowserWorld__Assets__Characters__Zuzu__Forge__zuzu_interact_4dir_v1__zuzu_interact-9.png","C:\dev\bikebrowser\BikeBrowserWorld\Assets\Characters\Zuzu\Forge\zuzu_interact_4dir_v1\zuzu_interact-9.png",".png","1946"
"BikeBrowserWorld__Assets__Characters__Zuzu__Forge__zuzu_repair_4dir_v1__raw-sheet-clean.png","C:\dev\bikebrowser\BikeBrowserWorld\Assets\Characters\Zuzu\Forge\zuzu_repair_4dir_v1\raw-sheet-clean.png",".png","602444"
"BikeBrowserWorld__Assets__Characters__Zuzu__Forge__zuzu_repair_4dir_v1__raw-sheet.png","C:\dev\bikebrowser\BikeBrowserWorld\Assets\Characters\Zuzu\Forge\zuzu_repair_4dir_v1\raw-sheet.png",".png","1592767"
"BikeBrowserWorld__Assets__Characters__Zuzu__Forge__zuzu_repair_4dir_v1__sheet-transparent.png","C:\dev\bikebrowser\BikeBrowserWorld\Assets\Characters\Zuzu\Forge\zuzu_repair_4dir_v1\sheet-transparent.png",".png","30104"
"BikeBrowserWorld__Assets__Characters__Zuzu__Forge__zuzu_repair_4dir_v1__zuzu_repair-1.png","C:\dev\bikebrowser\BikeBrowserWorld\Assets\Characters\Zuzu\Forge\zuzu_repair_4dir_v1\zuzu_repair-1.png",".png","2470"
"BikeBrowserWorld__Assets__Characters__Zuzu__Forge__zuzu_repair_4dir_v1__zuzu_repair-10.png","C:\dev\bikebrowser\BikeBrowserWorld\Assets\Characters\Zuzu\Forge\zuzu_repair_4dir_v1\zuzu_repair-10.png",".png","2162"
"BikeBrowserWorld__Assets__Characters__Zuzu__Forge__zuzu_repair_4dir_v1__zuzu_repair-11.png","C:\dev\bikebrowser\BikeBrowserWorld\Assets\Characters\Zuzu\Forge\zuzu_repair_4dir_v1\zuzu_repair-11.png",".png","2193"
"BikeBrowserWorld__Assets__Characters__Zuzu__Forge__zuzu_repair_4dir_v1__zuzu_repair-12.png","C:\dev\bikebrowser\BikeBrowserWorld\Assets\Characters\Zuzu\Forge\zuzu_repair_4dir_v1\zuzu_repair-12.png",".png","2198"
"BikeBrowserWorld__Assets__Characters__Zuzu__Forge__zuzu_repair_4dir_v1__zuzu_repair-13.png","C:\dev\bikebrowser\BikeBrowserWorld\Assets\Characters\Zuzu\Forge\zuzu_repair_4dir_v1\zuzu_repair-13.png",".png","2017"
"BikeBrowserWorld__Assets__Characters__Zuzu__Forge__zuzu_repair_4dir_v1__zuzu_repair-14.png","C:\dev\bikebrowser\BikeBrowserWorld\Assets\Characters\Zuzu\Forge\zuzu_repair_4dir_v1\zuzu_repair-14.png",".png","2015"
"BikeBrowserWorld__Assets__Characters__Zuzu__Forge__zuzu_repair_4dir_v1__zuzu_repair-15.png","C:\dev\bikebrowser\BikeBrowserWorld\Assets\Characters\Zuzu\Forge\zuzu_repair_4dir_v1\zuzu_repair-15.png",".png","2002"
"BikeBrowserWorld__Assets__Characters__Zuzu__Forge__zuzu_repair_4dir_v1__zuzu_repair-16.png","C:\dev\bikebrowser\BikeBrowserWorld\Assets\Characters\Zuzu\Forge\zuzu_repair_4dir_v1\zuzu_repair-16.png",".png","1984"
"BikeBrowserWorld__Assets__Characters__Zuzu__Forge__zuzu_repair_4dir_v1__zuzu_repair-2.png","C:\dev\bikebrowser\BikeBrowserWorld\Assets\Characters\Zuzu\Forge\zuzu_repair_4dir_v1\zuzu_repair-2.png",".png","2394"
"BikeBrowserWorld__Assets__Characters__Zuzu__Forge__zuzu_repair_4dir_v1__zuzu_repair-3.png","C:\dev\bikebrowser\BikeBrowserWorld\Assets\Characters\Zuzu\Forge\zuzu_repair_4dir_v1\zuzu_repair-3.png",".png","2462"
"BikeBrowserWorld__Assets__Characters__Zuzu__Forge__zuzu_repair_4dir_v1__zuzu_repair-4.png","C:\dev\bikebrowser\BikeBrowserWorld\Assets\Characters\Zuzu\Forge\zuzu_repair_4dir_v1\zuzu_repair-4.png",".png","2526"
"BikeBrowserWorld__Assets__Characters__Zuzu__Forge__zuzu_repair_4dir_v1__zuzu_repair-5.png","C:\dev\bikebrowser\BikeBrowserWorld\Assets\Characters\Zuzu\Forge\zuzu_repair_4dir_v1\zuzu_repair-5.png",".png","2223"
"BikeBrowserWorld__Assets__Characters__Zuzu__Forge__zuzu_repair_4dir_v1__zuzu_repair-6.png","C:\dev\bikebrowser\BikeBrowserWorld\Assets\Characters\Zuzu\Forge\zuzu_repair_4dir_v1\zuzu_repair-6.png",".png","2249"
"BikeBrowserWorld__Assets__Characters__Zuzu__Forge__zuzu_repair_4dir_v1__zuzu_repair-7.png","C:\dev\bikebrowser\BikeBrowserWorld\Assets\Characters\Zuzu\Forge\zuzu_repair_4dir_v1\zuzu_repair-7.png",".png","2243"
"BikeBrowserWorld__Assets__Characters__Zuzu__Forge__zuzu_repair_4dir_v1__zuzu_repair-8.png","C:\dev\bikebrowser\BikeBrowserWorld\Assets\Characters\Zuzu\Forge\zuzu_repair_4dir_v1\zuzu_repair-8.png",".png","2243"
"BikeBrowserWorld__Assets__Characters__Zuzu__Forge__zuzu_repair_4dir_v1__zuzu_repair-9.png","C:\dev\bikebrowser\BikeBrowserWorld\Assets\Characters\Zuzu\Forge\zuzu_repair_4dir_v1\zuzu_repair-9.png",".png","2139"
"BikeBrowserWorld__Assets__Characters__Zuzu__Forge__zuzu_walk_4dir_v1__raw-sheet-clean.png","C:\dev\bikebrowser\BikeBrowserWorld\Assets\Characters\Zuzu\Forge\zuzu_walk_4dir_v1\raw-sheet-clean.png",".png","682612"
"BikeBrowserWorld__Assets__Characters__Zuzu__Forge__zuzu_walk_4dir_v1__raw-sheet.png","C:\dev\bikebrowser\BikeBrowserWorld\Assets\Characters\Zuzu\Forge\zuzu_walk_4dir_v1\raw-sheet.png",".png","1646564"
"BikeBrowserWorld__Assets__Characters__Zuzu__Forge__zuzu_walk_4dir_v1__sheet-transparent.png","C:\dev\bikebrowser\BikeBrowserWorld\Assets\Characters\Zuzu\Forge\zuzu_walk_4dir_v1\sheet-transparent.png",".png","41664"
"BikeBrowserWorld__Assets__Characters__Zuzu__Forge__zuzu_walk_4dir_v1__zuzu_walk-1.png","C:\dev\bikebrowser\BikeBrowserWorld\Assets\Characters\Zuzu\Forge\zuzu_walk_4dir_v1\zuzu_walk-1.png",".png","3275"
"BikeBrowserWorld__Assets__Characters__Zuzu__Forge__zuzu_walk_4dir_v1__zuzu_walk-10.png","C:\dev\bikebrowser\BikeBrowserWorld\Assets\Characters\Zuzu\Forge\zuzu_walk_4dir_v1\zuzu_walk-10.png",".png","2954"
"BikeBrowserWorld__Assets__Characters__Zuzu__Forge__zuzu_walk_4dir_v1__zuzu_walk-11.png","C:\dev\bikebrowser\BikeBrowserWorld\Assets\Characters\Zuzu\Forge\zuzu_walk_4dir_v1\zuzu_walk-11.png",".png","2874"
"BikeBrowserWorld__Assets__Characters__Zuzu__Forge__zuzu_walk_4dir_v1__zuzu_walk-12.png","C:\dev\bikebrowser\BikeBrowserWorld\Assets\Characters\Zuzu\Forge\zuzu_walk_4dir_v1\zuzu_walk-12.png",".png","2890"
"BikeBrowserWorld__Assets__Characters__Zuzu__Forge__zuzu_walk_4dir_v1__zuzu_walk-13.png","C:\dev\bikebrowser\BikeBrowserWorld\Assets\Characters\Zuzu\Forge\zuzu_walk_4dir_v1\zuzu_walk-13.png",".png","2948"
"BikeBrowserWorld__Assets__Characters__Zuzu__Forge__zuzu_walk_4dir_v1__zuzu_walk-14.png","C:\dev\bikebrowser\BikeBrowserWorld\Assets\Characters\Zuzu\Forge\zuzu_walk_4dir_v1\zuzu_walk-14.png",".png","2910"
"BikeBrowserWorld__Assets__Characters__Zuzu__Forge__zuzu_walk_4dir_v1__zuzu_walk-15.png","C:\dev\bikebrowser\BikeBrowserWorld\Assets\Characters\Zuzu\Forge\zuzu_walk_4dir_v1\zuzu_walk-15.png",".png","2924"
"BikeBrowserWorld__Assets__Characters__Zuzu__Forge__zuzu_walk_4dir_v1__zuzu_walk-16.png","C:\dev\bikebrowser\BikeBrowserWorld\Assets\Characters\Zuzu\Forge\zuzu_walk_4dir_v1\zuzu_walk-16.png",".png","2986"
"BikeBrowserWorld__Assets__Characters__Zuzu__Forge__zuzu_walk_4dir_v1__zuzu_walk-2.png","C:\dev\bikebrowser\BikeBrowserWorld\Assets\Characters\Zuzu\Forge\zuzu_walk_4dir_v1\zuzu_walk-2.png",".png","3280"
"BikeBrowserWorld__Assets__Characters__Zuzu__Forge__zuzu_walk_4dir_v1__zuzu_walk-3.png","C:\dev\bikebrowser\BikeBrowserWorld\Assets\Characters\Zuzu\Forge\zuzu_walk_4dir_v1\zuzu_walk-3.png",".png","3368"
"BikeBrowserWorld__Assets__Characters__Zuzu__Forge__zuzu_walk_4dir_v1__zuzu_walk-4.png","C:\dev\bikebrowser\BikeBrowserWorld\Assets\Characters\Zuzu\Forge\zuzu_walk_4dir_v1\zuzu_walk-4.png",".png","3361"
"BikeBrowserWorld__Assets__Characters__Zuzu__Forge__zuzu_walk_4dir_v1__zuzu_walk-5.png","C:\dev\bikebrowser\BikeBrowserWorld\Assets\Characters\Zuzu\Forge\zuzu_walk_4dir_v1\zuzu_walk-5.png",".png","2798"
"BikeBrowserWorld__Assets__Characters__Zuzu__Forge__zuzu_walk_4dir_v1__zuzu_walk-6.png","C:\dev\bikebrowser\BikeBrowserWorld\Assets\Characters\Zuzu\Forge\zuzu_walk_4dir_v1\zuzu_walk-6.png",".png","2899"
"BikeBrowserWorld__Assets__Characters__Zuzu__Forge__zuzu_walk_4dir_v1__zuzu_walk-7.png","C:\dev\bikebrowser\BikeBrowserWorld\Assets\Characters\Zuzu\Forge\zuzu_walk_4dir_v1\zuzu_walk-7.png",".png","2909"
"BikeBrowserWorld__Assets__Characters__Zuzu__Forge__zuzu_walk_4dir_v1__zuzu_walk-8.png","C:\dev\bikebrowser\BikeBrowserWorld\Assets\Characters\Zuzu\Forge\zuzu_walk_4dir_v1\zuzu_walk-8.png",".png","2898"
"BikeBrowserWorld__Assets__Characters__Zuzu__Forge__zuzu_walk_4dir_v1__zuzu_walk-9.png","C:\dev\bikebrowser\BikeBrowserWorld\Assets\Characters\Zuzu\Forge\zuzu_walk_4dir_v1\zuzu_walk-9.png",".png","2742"
"BikeBrowserWorld__Assets__Characters__Zuzu__Forge__zuzu_walk_4dir_v2__raw-sheet-clean.png","C:\dev\bikebrowser\BikeBrowserWorld\Assets\Characters\Zuzu\Forge\zuzu_walk_4dir_v2\raw-sheet-clean.png",".png","453044"
"BikeBrowserWorld__Assets__Characters__Zuzu__Forge__zuzu_walk_4dir_v2__raw-sheet.png","C:\dev\bikebrowser\BikeBrowserWorld\Assets\Characters\Zuzu\Forge\zuzu_walk_4dir_v2\raw-sheet.png",".png","1476263"
"BikeBrowserWorld__Assets__Characters__Zuzu__Forge__zuzu_walk_4dir_v2__sheet-transparent.png","C:\dev\bikebrowser\BikeBrowserWorld\Assets\Characters\Zuzu\Forge\zuzu_walk_4dir_v2\sheet-transparent.png",".png","27650"
"BikeBrowserWorld__Assets__Characters__Zuzu__Forge__zuzu_walk_4dir_v2__zuzu_walk-1.png","C:\dev\bikebrowser\BikeBrowserWorld\Assets\Characters\Zuzu\Forge\zuzu_walk_4dir_v2\zuzu_walk-1.png",".png","2040"
"BikeBrowserWorld__Assets__Characters__Zuzu__Forge__zuzu_walk_4dir_v2__zuzu_walk-10.png","C:\dev\bikebrowser\BikeBrowserWorld\Assets\Characters\Zuzu\Forge\zuzu_walk_4dir_v2\zuzu_walk-10.png",".png","2047"
"BikeBrowserWorld__Assets__Characters__Zuzu__Forge__zuzu_walk_4dir_v2__zuzu_walk-11.png","C:\dev\bikebrowser\BikeBrowserWorld\Assets\Characters\Zuzu\Forge\zuzu_walk_4dir_v2\zuzu_walk-11.png",".png","2095"
"BikeBrowserWorld__Assets__Characters__Zuzu__Forge__zuzu_walk_4dir_v2__zuzu_walk-12.png","C:\dev\bikebrowser\BikeBrowserWorld\Assets\Characters\Zuzu\Forge\zuzu_walk_4dir_v2\zuzu_walk-12.png",".png","2111"
"BikeBrowserWorld__Assets__Characters__Zuzu__Forge__zuzu_walk_4dir_v2__zuzu_walk-13.png","C:\dev\bikebrowser\BikeBrowserWorld\Assets\Characters\Zuzu\Forge\zuzu_walk_4dir_v2\zuzu_walk-13.png",".png","1954"
"BikeBrowserWorld__Assets__Characters__Zuzu__Forge__zuzu_walk_4dir_v2__zuzu_walk-14.png","C:\dev\bikebrowser\BikeBrowserWorld\Assets\Characters\Zuzu\Forge\zuzu_walk_4dir_v2\zuzu_walk-14.png",".png","1920"
"BikeBrowserWorld__Assets__Characters__Zuzu__Forge__zuzu_walk_4dir_v2__zuzu_walk-15.png","C:\dev\bikebrowser\BikeBrowserWorld\Assets\Characters\Zuzu\Forge\zuzu_walk_4dir_v2\zuzu_walk-15.png",".png","1997"
"BikeBrowserWorld__Assets__Characters__Zuzu__Forge__zuzu_walk_4dir_v2__zuzu_walk-16.png","C:\dev\bikebrowser\BikeBrowserWorld\Assets\Characters\Zuzu\Forge\zuzu_walk_4dir_v2\zuzu_walk-16.png",".png","1923"
"BikeBrowserWorld__Assets__Characters__Zuzu__Forge__zuzu_walk_4dir_v2__zuzu_walk-2.png","C:\dev\bikebrowser\BikeBrowserWorld\Assets\Characters\Zuzu\Forge\zuzu_walk_4dir_v2\zuzu_walk-2.png",".png","2138"
"BikeBrowserWorld__Assets__Characters__Zuzu__Forge__zuzu_walk_4dir_v2__zuzu_walk-3.png","C:\dev\bikebrowser\BikeBrowserWorld\Assets\Characters\Zuzu\Forge\zuzu_walk_4dir_v2\zuzu_walk-3.png",".png","2143"
"BikeBrowserWorld__Assets__Characters__Zuzu__Forge__zuzu_walk_4dir_v2__zuzu_walk-4.png","C:\dev\bikebrowser\BikeBrowserWorld\Assets\Characters\Zuzu\Forge\zuzu_walk_4dir_v2\zuzu_walk-4.png",".png","2142"
"BikeBrowserWorld__Assets__Characters__Zuzu__Forge__zuzu_walk_4dir_v2__zuzu_walk-5.png","C:\dev\bikebrowser\BikeBrowserWorld\Assets\Characters\Zuzu\Forge\zuzu_walk_4dir_v2\zuzu_walk-5.png",".png","2027"
"BikeBrowserWorld__Assets__Characters__Zuzu__Forge__zuzu_walk_4dir_v2__zuzu_walk-6.png","C:\dev\bikebrowser\BikeBrowserWorld\Assets\Characters\Zuzu\Forge\zuzu_walk_4dir_v2\zuzu_walk-6.png",".png","2056"
"BikeBrowserWorld__Assets__Characters__Zuzu__Forge__zuzu_walk_4dir_v2__zuzu_walk-7.png","C:\dev\bikebrowser\BikeBrowserWorld\Assets\Characters\Zuzu\Forge\zuzu_walk_4dir_v2\zuzu_walk-7.png",".png","2074"
"BikeBrowserWorld__Assets__Characters__Zuzu__Forge__zuzu_walk_4dir_v2__zuzu_walk-8.png","C:\dev\bikebrowser\BikeBrowserWorld\Assets\Characters\Zuzu\Forge\zuzu_walk_4dir_v2\zuzu_walk-8.png",".png","2091"
"BikeBrowserWorld__Assets__Characters__Zuzu__Forge__zuzu_walk_4dir_v2__zuzu_walk-9.png","C:\dev\bikebrowser\BikeBrowserWorld\Assets\Characters\Zuzu\Forge\zuzu_walk_4dir_v2\zuzu_walk-9.png",".png","2044"
"BikeBrowserWorld__Assets__Characters__Zuzu__Importality__Zuzu_celebrate.aseprite","C:\dev\bikebrowser\BikeBrowserWorld\Assets\Characters\Zuzu\Importality\Zuzu_celebrate.aseprite",".aseprite","34915"
"BikeBrowserWorld__Assets__Characters__Zuzu__Importality__Zuzu_idle.aseprite","C:\dev\bikebrowser\BikeBrowserWorld\Assets\Characters\Zuzu\Importality\Zuzu_idle.aseprite",".aseprite","32985"
"BikeBrowserWorld__Assets__Characters__Zuzu__Importality__Zuzu_interact.aseprite","C:\dev\bikebrowser\BikeBrowserWorld\Assets\Characters\Zuzu\Importality\Zuzu_interact.aseprite",".aseprite","32231"
"BikeBrowserWorld__Assets__Characters__Zuzu__Importality__Zuzu_repair.aseprite","C:\dev\bikebrowser\BikeBrowserWorld\Assets\Characters\Zuzu\Importality\Zuzu_repair.aseprite",".aseprite","33184"
"BikeBrowserWorld__Assets__Characters__Zuzu__Importality__Zuzu_walk.aseprite","C:\dev\bikebrowser\BikeBrowserWorld\Assets\Characters\Zuzu\Importality\Zuzu_walk.aseprite",".aseprite","30641"
"BikeBrowserWorld__Assets__Characters__Zuzu__Native96__zuzu_idle_native96_v1__raw-sheet-clean.png","C:\dev\bikebrowser\BikeBrowserWorld\Assets\Characters\Zuzu\Native96\zuzu_idle_native96_v1\raw-sheet-clean.png",".png","778568"
"BikeBrowserWorld__Assets__Characters__Zuzu__Native96__zuzu_idle_native96_v1__raw-sheet.png","C:\dev\bikebrowser\BikeBrowserWorld\Assets\Characters\Zuzu\Native96\zuzu_idle_native96_v1\raw-sheet.png",".png","1732331"
"BikeBrowserWorld__Assets__Characters__Zuzu__Native96__zuzu_idle_native96_v1__sheet-transparent.png","C:\dev\bikebrowser\BikeBrowserWorld\Assets\Characters\Zuzu\Native96\zuzu_idle_native96_v1\sheet-transparent.png",".png","120926"
"BikeBrowserWorld__Assets__Characters__Zuzu__Native96__zuzu_idle_native96_v1__zuzu_idle_native96-1.png","C:\dev\bikebrowser\BikeBrowserWorld\Assets\Characters\Zuzu\Native96\zuzu_idle_native96_v1\zuzu_idle_native96-1.png",".png","9476"
"BikeBrowserWorld__Assets__Characters__Zuzu__Native96__zuzu_idle_native96_v1__zuzu_idle_native96-10.png","C:\dev\bikebrowser\BikeBrowserWorld\Assets\Characters\Zuzu\Native96\zuzu_idle_native96_v1\zuzu_idle_native96-10.png",".png","7723"
"BikeBrowserWorld__Assets__Characters__Zuzu__Native96__zuzu_idle_native96_v1__zuzu_idle_native96-11.png","C:\dev\bikebrowser\BikeBrowserWorld\Assets\Characters\Zuzu\Native96\zuzu_idle_native96_v1\zuzu_idle_native96-11.png",".png","7862"
"BikeBrowserWorld__Assets__Characters__Zuzu__Native96__zuzu_idle_native96_v1__zuzu_idle_native96-12.png","C:\dev\bikebrowser\BikeBrowserWorld\Assets\Characters\Zuzu\Native96\zuzu_idle_native96_v1\zuzu_idle_native96-12.png",".png","7711"
"BikeBrowserWorld__Assets__Characters__Zuzu__Native96__zuzu_idle_native96_v1__zuzu_idle_native96-13.png","C:\dev\bikebrowser\BikeBrowserWorld\Assets\Characters\Zuzu\Native96\zuzu_idle_native96_v1\zuzu_idle_native96-13.png",".png","8459"
"BikeBrowserWorld__Assets__Characters__Zuzu__Native96__zuzu_idle_native96_v1__zuzu_idle_native96-14.png","C:\dev\bikebrowser\BikeBrowserWorld\Assets\Characters\Zuzu\Native96\zuzu_idle_native96_v1\zuzu_idle_native96-14.png",".png","8390"
"BikeBrowserWorld__Assets__Characters__Zuzu__Native96__zuzu_idle_native96_v1__zuzu_idle_native96-15.png","C:\dev\bikebrowser\BikeBrowserWorld\Assets\Characters\Zuzu\Native96\zuzu_idle_native96_v1\zuzu_idle_native96-15.png",".png","8534"
"BikeBrowserWorld__Assets__Characters__Zuzu__Native96__zuzu_idle_native96_v1__zuzu_idle_native96-16.png","C:\dev\bikebrowser\BikeBrowserWorld\Assets\Characters\Zuzu\Native96\zuzu_idle_native96_v1\zuzu_idle_native96-16.png",".png","8209"
"BikeBrowserWorld__Assets__Characters__Zuzu__Native96__zuzu_idle_native96_v1__zuzu_idle_native96-2.png","C:\dev\bikebrowser\BikeBrowserWorld\Assets\Characters\Zuzu\Native96\zuzu_idle_native96_v1\zuzu_idle_native96-2.png",".png","9563"
"BikeBrowserWorld__Assets__Characters__Zuzu__Native96__zuzu_idle_native96_v1__zuzu_idle_native96-3.png","C:\dev\bikebrowser\BikeBrowserWorld\Assets\Characters\Zuzu\Native96\zuzu_idle_native96_v1\zuzu_idle_native96-3.png",".png","9561"
"BikeBrowserWorld__Assets__Characters__Zuzu__Native96__zuzu_idle_native96_v1__zuzu_idle_native96-4.png","C:\dev\bikebrowser\BikeBrowserWorld\Assets\Characters\Zuzu\Native96\zuzu_idle_native96_v1\zuzu_idle_native96-4.png",".png","9046"
"BikeBrowserWorld__Assets__Characters__Zuzu__Native96__zuzu_idle_native96_v1__zuzu_idle_native96-5.png","C:\dev\bikebrowser\BikeBrowserWorld\Assets\Characters\Zuzu\Native96\zuzu_idle_native96_v1\zuzu_idle_native96-5.png",".png","7403"
"BikeBrowserWorld__Assets__Characters__Zuzu__Native96__zuzu_idle_native96_v1__zuzu_idle_native96-6.png","C:\dev\bikebrowser\BikeBrowserWorld\Assets\Characters\Zuzu\Native96\zuzu_idle_native96_v1\zuzu_idle_native96-6.png",".png","7972"
"BikeBrowserWorld__Assets__Characters__Zuzu__Native96__zuzu_idle_native96_v1__zuzu_idle_native96-7.png","C:\dev\bikebrowser\BikeBrowserWorld\Assets\Characters\Zuzu\Native96\zuzu_idle_native96_v1\zuzu_idle_native96-7.png",".png","8199"
"BikeBrowserWorld__Assets__Characters__Zuzu__Native96__zuzu_idle_native96_v1__zuzu_idle_native96-8.png","C:\dev\bikebrowser\BikeBrowserWorld\Assets\Characters\Zuzu\Native96\zuzu_idle_native96_v1\zuzu_idle_native96-8.png",".png","8063"
"BikeBrowserWorld__Assets__Characters__Zuzu__Native96__zuzu_idle_native96_v1__zuzu_idle_native96-9.png","C:\dev\bikebrowser\BikeBrowserWorld\Assets\Characters\Zuzu\Native96\zuzu_idle_native96_v1\zuzu_idle_native96-9.png",".png","7362"
"BikeBrowserWorld__Assets__Characters__Zuzu__Native96__zuzu_walk_native96_v1__raw-sheet-clean.png","C:\dev\bikebrowser\BikeBrowserWorld\Assets\Characters\Zuzu\Native96\zuzu_walk_native96_v1\raw-sheet-clean.png",".png","800017"
"BikeBrowserWorld__Assets__Characters__Zuzu__Native96__zuzu_walk_native96_v1__raw-sheet.png","C:\dev\bikebrowser\BikeBrowserWorld\Assets\Characters\Zuzu\Native96\zuzu_walk_native96_v1\raw-sheet.png",".png","1761896"
"BikeBrowserWorld__Assets__Characters__Zuzu__Native96__zuzu_walk_native96_v1__sheet-transparent.png","C:\dev\bikebrowser\BikeBrowserWorld\Assets\Characters\Zuzu\Native96\zuzu_walk_native96_v1\sheet-transparent.png",".png","121827"
"BikeBrowserWorld__Assets__Characters__Zuzu__Native96__zuzu_walk_native96_v1__zuzu_walk_native96-1.png","C:\dev\bikebrowser\BikeBrowserWorld\Assets\Characters\Zuzu\Native96\zuzu_walk_native96_v1\zuzu_walk_native96-1.png",".png","9034"
"BikeBrowserWorld__Assets__Characters__Zuzu__Native96__zuzu_walk_native96_v1__zuzu_walk_native96-10.png","C:\dev\bikebrowser\BikeBrowserWorld\Assets\Characters\Zuzu\Native96\zuzu_walk_native96_v1\zuzu_walk_native96-10.png",".png","8601"
"BikeBrowserWorld__Assets__Characters__Zuzu__Native96__zuzu_walk_native96_v1__zuzu_walk_native96-11.png","C:\dev\bikebrowser\BikeBrowserWorld\Assets\Characters\Zuzu\Native96\zuzu_walk_native96_v1\zuzu_walk_native96-11.png",".png","8543"
"BikeBrowserWorld__Assets__Characters__Zuzu__Native96__zuzu_walk_native96_v1__zuzu_walk_native96-12.png","C:\dev\bikebrowser\BikeBrowserWorld\Assets\Characters\Zuzu\Native96\zuzu_walk_native96_v1\zuzu_walk_native96-12.png",".png","8680"
"BikeBrowserWorld__Assets__Characters__Zuzu__Native96__zuzu_walk_native96_v1__zuzu_walk_native96-13.png","C:\dev\bikebrowser\BikeBrowserWorld\Assets\Characters\Zuzu\Native96\zuzu_walk_native96_v1\zuzu_walk_native96-13.png",".png","7506"
"BikeBrowserWorld__Assets__Characters__Zuzu__Native96__zuzu_walk_native96_v1__zuzu_walk_native96-14.png","C:\dev\bikebrowser\BikeBrowserWorld\Assets\Characters\Zuzu\Native96\zuzu_walk_native96_v1\zuzu_walk_native96-14.png",".png","7606"
"BikeBrowserWorld__Assets__Characters__Zuzu__Native96__zuzu_walk_native96_v1__zuzu_walk_native96-15.png","C:\dev\bikebrowser\BikeBrowserWorld\Assets\Characters\Zuzu\Native96\zuzu_walk_native96_v1\zuzu_walk_native96-15.png",".png","7469"
"BikeBrowserWorld__Assets__Characters__Zuzu__Native96__zuzu_walk_native96_v1__zuzu_walk_native96-16.png","C:\dev\bikebrowser\BikeBrowserWorld\Assets\Characters\Zuzu\Native96\zuzu_walk_native96_v1\zuzu_walk_native96-16.png",".png","7747"
"BikeBrowserWorld__Assets__Characters__Zuzu__Native96__zuzu_walk_native96_v1__zuzu_walk_native96-2.png","C:\dev\bikebrowser\BikeBrowserWorld\Assets\Characters\Zuzu\Native96\zuzu_walk_native96_v1\zuzu_walk_native96-2.png",".png","8950"
"BikeBrowserWorld__Assets__Characters__Zuzu__Native96__zuzu_walk_native96_v1__zuzu_walk_native96-3.png","C:\dev\bikebrowser\BikeBrowserWorld\Assets\Characters\Zuzu\Native96\zuzu_walk_native96_v1\zuzu_walk_native96-3.png",".png","9001"
"BikeBrowserWorld__Assets__Characters__Zuzu__Native96__zuzu_walk_native96_v1__zuzu_walk_native96-4.png","C:\dev\bikebrowser\BikeBrowserWorld\Assets\Characters\Zuzu\Native96\zuzu_walk_native96_v1\zuzu_walk_native96-4.png",".png","8989"
"BikeBrowserWorld__Assets__Characters__Zuzu__Native96__zuzu_walk_native96_v1__zuzu_walk_native96-5.png","C:\dev\bikebrowser\BikeBrowserWorld\Assets\Characters\Zuzu\Native96\zuzu_walk_native96_v1\zuzu_walk_native96-5.png",".png","8692"
"BikeBrowserWorld__Assets__Characters__Zuzu__Native96__zuzu_walk_native96_v1__zuzu_walk_native96-6.png","C:\dev\bikebrowser\BikeBrowserWorld\Assets\Characters\Zuzu\Native96\zuzu_walk_native96_v1\zuzu_walk_native96-6.png",".png","8780"
"BikeBrowserWorld__Assets__Characters__Zuzu__Native96__zuzu_walk_native96_v1__zuzu_walk_native96-7.png","C:\dev\bikebrowser\BikeBrowserWorld\Assets\Characters\Zuzu\Native96\zuzu_walk_native96_v1\zuzu_walk_native96-7.png",".png","8614"
"BikeBrowserWorld__Assets__Characters__Zuzu__Native96__zuzu_walk_native96_v1__zuzu_walk_native96-8.png","C:\dev\bikebrowser\BikeBrowserWorld\Assets\Characters\Zuzu\Native96\zuzu_walk_native96_v1\zuzu_walk_native96-8.png",".png","8767"
"BikeBrowserWorld__Assets__Characters__Zuzu__Native96__zuzu_walk_native96_v1__zuzu_walk_native96-9.png","C:\dev\bikebrowser\BikeBrowserWorld\Assets\Characters\Zuzu\Native96\zuzu_walk_native96_v1\zuzu_walk_native96-9.png",".png","8491"
"BikeBrowserWorld__Assets__Characters__Zuzu__RuntimeHD__Zuzu_celebrate_96.png","C:\dev\bikebrowser\BikeBrowserWorld\Assets\Characters\Zuzu\RuntimeHD\Zuzu_celebrate_96.png",".png","115352"
"BikeBrowserWorld__Assets__Characters__Zuzu__RuntimeHD__Zuzu_idle_96.png","C:\dev\bikebrowser\BikeBrowserWorld\Assets\Characters\Zuzu\RuntimeHD\Zuzu_idle_96.png",".png","105765"
"BikeBrowserWorld__Assets__Characters__Zuzu__RuntimeHD__Zuzu_interact_96.png","C:\dev\bikebrowser\BikeBrowserWorld\Assets\Characters\Zuzu\RuntimeHD\Zuzu_interact_96.png",".png","105814"
"BikeBrowserWorld__Assets__Characters__Zuzu__RuntimeHD__Zuzu_repair_96.png","C:\dev\bikebrowser\BikeBrowserWorld\Assets\Characters\Zuzu\RuntimeHD\Zuzu_repair_96.png",".png","108933"
"BikeBrowserWorld__Assets__Characters__Zuzu__RuntimeHD__Zuzu_walk_96.png","C:\dev\bikebrowser\BikeBrowserWorld\Assets\Characters\Zuzu\RuntimeHD\Zuzu_walk_96.png",".png","99602"
"BikeBrowserWorld__Assets__Characters__Zuzu__Zuzu_idle.aseprite","C:\dev\bikebrowser\BikeBrowserWorld\Assets\Characters\Zuzu\Zuzu_idle.aseprite",".aseprite","32985"
"BikeBrowserWorld__Assets__Characters__Zuzu__Zuzu_walk.aseprite","C:\dev\bikebrowser\BikeBrowserWorld\Assets\Characters\Zuzu\Zuzu_walk.aseprite",".aseprite","30641"
"BikeBrowserWorld__Assets__deprecated__overlay_v1__small_safety_check_bike_brakes_overlay.png","C:\dev\bikebrowser\BikeBrowserWorld\Assets\deprecated\overlay_v1\small_safety_check_bike_brakes_overlay.png",".png","48946"
"BikeBrowserWorld__Assets__deprecated__overlay_v1__small_safety_check_bike_chain_overlay.png","C:\dev\bikebrowser\BikeBrowserWorld\Assets\deprecated\overlay_v1\small_safety_check_bike_chain_overlay.png",".png","47988"
"BikeBrowserWorld__Assets__deprecated__overlay_v1__small_safety_check_bike_tires_overlay.png","C:\dev\bikebrowser\BikeBrowserWorld\Assets\deprecated\overlay_v1\small_safety_check_bike_tires_overlay.png",".png","151095"
"BikeBrowserWorld__Assets__Environment__GarageKit__bike_stand.aseprite","C:\dev\bikebrowser\BikeBrowserWorld\Assets\Environment\GarageKit\bike_stand.aseprite",".aseprite","1453"
"BikeBrowserWorld__Assets__Environment__GarageKit__bike_stand.svg","C:\dev\bikebrowser\BikeBrowserWorld\Assets\Environment\GarageKit\bike_stand.svg",".svg","748"
"BikeBrowserWorld__Assets__Environment__GarageKit__garage_floor_tiles.aseprite","C:\dev\bikebrowser\BikeBrowserWorld\Assets\Environment\GarageKit\garage_floor_tiles.aseprite",".aseprite","1209"
"BikeBrowserWorld__Assets__Environment__GarageKit__garage_floor.svg","C:\dev\bikebrowser\BikeBrowserWorld\Assets\Environment\GarageKit\garage_floor.svg",".svg","746"
"BikeBrowserWorld__Assets__Environment__GarageKit__garage_lighting.aseprite","C:\dev\bikebrowser\BikeBrowserWorld\Assets\Environment\GarageKit\garage_lighting.aseprite",".aseprite","1445"
"BikeBrowserWorld__Assets__Environment__GarageKit__garage_props.aseprite","C:\dev\bikebrowser\BikeBrowserWorld\Assets\Environment\GarageKit\garage_props.aseprite",".aseprite","1425"
"BikeBrowserWorld__Assets__Environment__GarageKit__garage_wall_tiles.aseprite","C:\dev\bikebrowser\BikeBrowserWorld\Assets\Environment\GarageKit\garage_wall_tiles.aseprite",".aseprite","1140"
"BikeBrowserWorld__Assets__Environment__GarageKit__garage_walls.svg","C:\dev\bikebrowser\BikeBrowserWorld\Assets\Environment\GarageKit\garage_walls.svg",".svg","718"
"BikeBrowserWorld__Assets__Environment__GarageKit__lamp_glow.svg","C:\dev\bikebrowser\BikeBrowserWorld\Assets\Environment\GarageKit\lamp_glow.svg",".svg","554"
"BikeBrowserWorld__Assets__Environment__GarageKit__pegboard.svg","C:\dev\bikebrowser\BikeBrowserWorld\Assets\Environment\GarageKit\pegboard.svg",".svg","1159"
"BikeBrowserWorld__Assets__Environment__GarageKit__rug.svg","C:\dev\bikebrowser\BikeBrowserWorld\Assets\Environment\GarageKit\rug.svg",".svg","567"
"BikeBrowserWorld__Assets__Environment__GarageKit__tool_wall.aseprite","C:\dev\bikebrowser\BikeBrowserWorld\Assets\Environment\GarageKit\tool_wall.aseprite",".aseprite","1313"
"BikeBrowserWorld__Assets__Environment__GarageKit__workbench.aseprite","C:\dev\bikebrowser\BikeBrowserWorld\Assets\Environment\GarageKit\workbench.aseprite",".aseprite","1402"
"BikeBrowserWorld__Assets__Environment__GarageKit__workbench.svg","C:\dev\bikebrowser\BikeBrowserWorld\Assets\Environment\GarageKit\workbench.svg",".svg","904"
"BikeBrowserWorld__Assets__Exports__Spritesheets__MrChen_idle.png","C:\dev\bikebrowser\BikeBrowserWorld\Assets\Exports\Spritesheets\MrChen_idle.png",".png","608"
"BikeBrowserWorld__Assets__Exports__Spritesheets__Zuzu_idle.png","C:\dev\bikebrowser\BikeBrowserWorld\Assets\Exports\Spritesheets\Zuzu_idle.png",".png","553"
"BikeBrowserWorld__Assets__Exports__Spritesheets__Zuzu_walk.png","C:\dev\bikebrowser\BikeBrowserWorld\Assets\Exports\Spritesheets\Zuzu_walk.png",".png","837"
"BikeBrowserWorld__Assets__Exports__Tilesets__bike_stand.png","C:\dev\bikebrowser\BikeBrowserWorld\Assets\Exports\Tilesets\bike_stand.png",".png","538"
"BikeBrowserWorld__Assets__Exports__Tilesets__garage_floor_tiles.png","C:\dev\bikebrowser\BikeBrowserWorld\Assets\Exports\Tilesets\garage_floor_tiles.png",".png","290"
"BikeBrowserWorld__Assets__Exports__Tilesets__garage_lighting.png","C:\dev\bikebrowser\BikeBrowserWorld\Assets\Exports\Tilesets\garage_lighting.png",".png","608"
"BikeBrowserWorld__Assets__Exports__Tilesets__garage_props.png","C:\dev\bikebrowser\BikeBrowserWorld\Assets\Exports\Tilesets\garage_props.png",".png","508"
"BikeBrowserWorld__Assets__Exports__Tilesets__garage_wall_tiles.png","C:\dev\bikebrowser\BikeBrowserWorld\Assets\Exports\Tilesets\garage_wall_tiles.png",".png","295"
"BikeBrowserWorld__Assets__Exports__Tilesets__tool_wall.png","C:\dev\bikebrowser\BikeBrowserWorld\Assets\Exports\Tilesets\tool_wall.png",".png","352"
"BikeBrowserWorld__Assets__Exports__Tilesets__workbench.png","C:\dev\bikebrowser\BikeBrowserWorld\Assets\Exports\Tilesets\workbench.png",".png","362"
"BikeBrowserWorld__Assets__Props__Bike__garage_repair_stand_bmx_aligning_chain_pass1_backup.png","C:\dev\bikebrowser\BikeBrowserWorld\Assets\Props\Bike\garage_repair_stand_bmx_aligning_chain_pass1_backup.png",".png","273437"
"BikeBrowserWorld__Assets__Props__Bike__garage_repair_stand_bmx_aligning_chain.aseprite","C:\dev\bikebrowser\BikeBrowserWorld\Assets\Props\Bike\garage_repair_stand_bmx_aligning_chain.aseprite",".aseprite","334962"
"BikeBrowserWorld__Assets__Props__Bike__garage_repair_stand_bmx_aligning_chain.png","C:\dev\bikebrowser\BikeBrowserWorld\Assets\Props\Bike\garage_repair_stand_bmx_aligning_chain.png",".png","263899"
"BikeBrowserWorld__Assets__Props__Bike__garage_repair_stand_bmx_seated_chain_pass1_backup.png","C:\dev\bikebrowser\BikeBrowserWorld\Assets\Props\Bike\garage_repair_stand_bmx_seated_chain_pass1_backup.png",".png","277140"
"BikeBrowserWorld__Assets__Props__Bike__garage_repair_stand_bmx_seated_chain.aseprite","C:\dev\bikebrowser\BikeBrowserWorld\Assets\Props\Bike\garage_repair_stand_bmx_seated_chain.aseprite",".aseprite","339372"
"BikeBrowserWorld__Assets__Props__Bike__garage_repair_stand_bmx_seated_chain.png","C:\dev\bikebrowser\BikeBrowserWorld\Assets\Props\Bike\garage_repair_stand_bmx_seated_chain.png",".png","267283"
"BikeBrowserWorld__Assets__Props__Bike__garage_repair_stand_bmx_slipped_chain_pass1_backup.png","C:\dev\bikebrowser\BikeBrowserWorld\Assets\Props\Bike\garage_repair_stand_bmx_slipped_chain_pass1_backup.png",".png","277611"
"BikeBrowserWorld__Assets__Props__Bike__garage_repair_stand_bmx_slipped_chain.aseprite","C:\dev\bikebrowser\BikeBrowserWorld\Assets\Props\Bike\garage_repair_stand_bmx_slipped_chain.aseprite",".aseprite","339108"
"BikeBrowserWorld__Assets__Props__Bike__garage_repair_stand_bmx_slipped_chain.png","C:\dev\bikebrowser\BikeBrowserWorld\Assets\Props\Bike\garage_repair_stand_bmx_slipped_chain.png",".png","267923"
"BikeBrowserWorld__Assets__Props__Bike__repair_chain_focus_glow.png","C:\dev\bikebrowser\BikeBrowserWorld\Assets\Props\Bike\repair_chain_focus_glow.png",".png","5132"
"BikeBrowserWorld__Assets__Props__Bike__repair_grease_scuff_detail.png","C:\dev\bikebrowser\BikeBrowserWorld\Assets\Props\Bike\repair_grease_scuff_detail.png",".png","515"
"BikeBrowserWorld__Assets__Props__Bike__small_safety_check_bike_brakes_worn.aseprite","C:\dev\bikebrowser\BikeBrowserWorld\Assets\Props\Bike\small_safety_check_bike_brakes_worn.aseprite",".aseprite","221335"
"BikeBrowserWorld__Assets__Props__Bike__small_safety_check_bike_brakes_worn.png","C:\dev\bikebrowser\BikeBrowserWorld\Assets\Props\Bike\small_safety_check_bike_brakes_worn.png",".png","178885"
"BikeBrowserWorld__Assets__Props__Bike__small_safety_check_bike_chain_slipped.aseprite","C:\dev\bikebrowser\BikeBrowserWorld\Assets\Props\Bike\small_safety_check_bike_chain_slipped.aseprite",".aseprite","221930"
"BikeBrowserWorld__Assets__Props__Bike__small_safety_check_bike_chain_slipped.png","C:\dev\bikebrowser\BikeBrowserWorld\Assets\Props\Bike\small_safety_check_bike_chain_slipped.png",".png","178062"
"BikeBrowserWorld__Assets__Props__Bike__small_safety_check_bike_pass1_backup.png","C:\dev\bikebrowser\BikeBrowserWorld\Assets\Props\Bike\small_safety_check_bike_pass1_backup.png",".png","184673"
"BikeBrowserWorld__Assets__Props__Bike__small_safety_check_bike_tires_flat.aseprite","C:\dev\bikebrowser\BikeBrowserWorld\Assets\Props\Bike\small_safety_check_bike_tires_flat.aseprite",".aseprite","208791"
"BikeBrowserWorld__Assets__Props__Bike__small_safety_check_bike_tires_flat.png","C:\dev\bikebrowser\BikeBrowserWorld\Assets\Props\Bike\small_safety_check_bike_tires_flat.png",".png","167136"
"BikeBrowserWorld__Assets__Props__Bike__small_safety_check_bike.aseprite","C:\dev\bikebrowser\BikeBrowserWorld\Assets\Props\Bike\small_safety_check_bike.aseprite",".aseprite","223818"
"BikeBrowserWorld__Assets__Props__Bike__small_safety_check_bike.png","C:\dev\bikebrowser\BikeBrowserWorld\Assets\Props\Bike\small_safety_check_bike.png",".png","179003"
"BikeBrowserWorld__Assets__Props__Bike__soft_ground_shadow.png","C:\dev\bikebrowser\BikeBrowserWorld\Assets\Props\Bike\soft_ground_shadow.png",".png","6324"
"BikeBrowserWorld__Assets__Props__Bike__warm_repair_glint.png","C:\dev\bikebrowser\BikeBrowserWorld\Assets\Props\Bike\warm_repair_glint.png",".png","1020"
"BikeBrowserWorld__Assets__Props__BikeRepair__air_escape_trace.aseprite","C:\dev\bikebrowser\BikeBrowserWorld\Assets\Props\BikeRepair\air_escape_trace.aseprite",".aseprite","514"
"BikeBrowserWorld__Assets__Props__BikeRepair__air_escape_trace.png","C:\dev\bikebrowser\BikeBrowserWorld\Assets\Props\BikeRepair\air_escape_trace.png",".png","443"
"BikeBrowserWorld__Assets__Props__BikeRepair__bikerepair_contact_sheet.png","C:\dev\bikebrowser\BikeBrowserWorld\Assets\Props\BikeRepair\bikerepair_contact_sheet.png",".png","13004"
"BikeBrowserWorld__Assets__Props__BikeRepair__chain_breaker_tool.aseprite","C:\dev\bikebrowser\BikeBrowserWorld\Assets\Props\BikeRepair\chain_breaker_tool.aseprite",".aseprite","3717"
"BikeBrowserWorld__Assets__Props__BikeRepair__chain_breaker_tool.png","C:\dev\bikebrowser\BikeBrowserWorld\Assets\Props\BikeRepair\chain_breaker_tool.png",".png","2065"
"BikeBrowserWorld__Assets__Props__BikeRepair__master_link.aseprite","C:\dev\bikebrowser\BikeBrowserWorld\Assets\Props\BikeRepair\master_link.aseprite",".aseprite","1460"
"BikeBrowserWorld__Assets__Props__BikeRepair__master_link.png","C:\dev\bikebrowser\BikeBrowserWorld\Assets\Props\BikeRepair\master_link.png",".png","678"
"BikeBrowserWorld__Assets__Props__BikeRepair__notebook_tire_patch_entry.png","C:\dev\bikebrowser\BikeBrowserWorld\Assets\Props\BikeRepair\notebook_tire_patch_entry.png",".png","573"
"BikeBrowserWorld__Assets__Props__BikeRepair__patch_with_glue_tube.aseprite","C:\dev\bikebrowser\BikeBrowserWorld\Assets\Props\BikeRepair\patch_with_glue_tube.aseprite",".aseprite","6353"
"BikeBrowserWorld__Assets__Props__BikeRepair__patch_with_glue_tube.png","C:\dev\bikebrowser\BikeBrowserWorld\Assets\Props\BikeRepair\patch_with_glue_tube.png",".png","4427"
"BikeBrowserWorld__Assets__Props__BikeRepair__prepared_patch_zone.aseprite","C:\dev\bikebrowser\BikeBrowserWorld\Assets\Props\BikeRepair\prepared_patch_zone.aseprite",".aseprite","650"
"BikeBrowserWorld__Assets__Props__BikeRepair__prepared_patch_zone.png","C:\dev\bikebrowser\BikeBrowserWorld\Assets\Props\BikeRepair\prepared_patch_zone.png",".png","614"
"BikeBrowserWorld__Assets__Props__BikeRepair__Raw__bikerepair_atlas_raw.png","C:\dev\bikebrowser\BikeBrowserWorld\Assets\Props\BikeRepair\Raw\bikerepair_atlas_raw.png",".png","1402373"
"BikeBrowserWorld__Assets__Props__BikeRepair__sandpaper_piece.aseprite","C:\dev\bikebrowser\BikeBrowserWorld\Assets\Props\BikeRepair\sandpaper_piece.aseprite",".aseprite","2324"
"BikeBrowserWorld__Assets__Props__BikeRepair__sandpaper_piece.png","C:\dev\bikebrowser\BikeBrowserWorld\Assets\Props\BikeRepair\sandpaper_piece.png",".png","1086"
"BikeBrowserWorld__Assets__Props__BikeRepair__single_tube_patch.aseprite","C:\dev\bikebrowser\BikeBrowserWorld\Assets\Props\BikeRepair\single_tube_patch.aseprite",".aseprite","550"
"BikeBrowserWorld__Assets__Props__BikeRepair__single_tube_patch.png","C:\dev\bikebrowser\BikeBrowserWorld\Assets\Props\BikeRepair\single_tube_patch.png",".png","516"
"BikeBrowserWorld__Assets__Props__BikeRepair__tire_lever_set.aseprite","C:\dev\bikebrowser\BikeBrowserWorld\Assets\Props\BikeRepair\tire_lever_set.aseprite",".aseprite","3730"
"BikeBrowserWorld__Assets__Props__BikeRepair__tire_lever_set.png","C:\dev\bikebrowser\BikeBrowserWorld\Assets\Props\BikeRepair\tire_lever_set.png",".png","2147"
"BikeBrowserWorld__Assets__Props__CopperMine__conductivity_test_station.png","C:\dev\bikebrowser\BikeBrowserWorld\Assets\Props\CopperMine\conductivity_test_station.png",".png","19084"
"BikeBrowserWorld__Assets__Props__CopperMine__copper_ore_chunk.png","C:\dev\bikebrowser\BikeBrowserWorld\Assets\Props\CopperMine\copper_ore_chunk.png",".png","9564"
"BikeBrowserWorld__Assets__Props__CopperMine__coppermine_contact_sheet.png","C:\dev\bikebrowser\BikeBrowserWorld\Assets\Props\CopperMine\coppermine_contact_sheet.png",".png","171958"
"BikeBrowserWorld__Assets__Props__CopperMine__deep_copper_ore.png","C:\dev\bikebrowser\BikeBrowserWorld\Assets\Props\CopperMine\deep_copper_ore.png",".png","9473"
"BikeBrowserWorld__Assets__Props__CopperMine__dust_pile_rubble.png","C:\dev\bikebrowser\BikeBrowserWorld\Assets\Props\CopperMine\dust_pile_rubble.png",".png","3673"
"BikeBrowserWorld__Assets__Props__CopperMine__dynamite_crate.png","C:\dev\bikebrowser\BikeBrowserWorld\Assets\Props\CopperMine\dynamite_crate.png",".png","5525"
"BikeBrowserWorld__Assets__Props__CopperMine__hard_hat.png","C:\dev\bikebrowser\BikeBrowserWorld\Assets\Props\CopperMine\hard_hat.png",".png","2537"
"BikeBrowserWorld__Assets__Props__CopperMine__helmet_with_lamp.png","C:\dev\bikebrowser\BikeBrowserWorld\Assets\Props\CopperMine\helmet_with_lamp.png",".png","4426"
"BikeBrowserWorld__Assets__Props__CopperMine__lantern.png","C:\dev\bikebrowser\BikeBrowserWorld\Assets\Props\CopperMine\lantern.png",".png","2089"
"BikeBrowserWorld__Assets__Props__CopperMine__mine_cart.png","C:\dev\bikebrowser\BikeBrowserWorld\Assets\Props\CopperMine\mine_cart.png",".png","15688"
"BikeBrowserWorld__Assets__Props__CopperMine__mine_depth_marker.png","C:\dev\bikebrowser\BikeBrowserWorld\Assets\Props\CopperMine\mine_depth_marker.png",".png","3154"
"BikeBrowserWorld__Assets__Props__CopperMine__mine_entrance_arch.png","C:\dev\bikebrowser\BikeBrowserWorld\Assets\Props\CopperMine\mine_entrance_arch.png",".png","35678"
"BikeBrowserWorld__Assets__Props__CopperMine__mine_shaft_sign.png","C:\dev\bikebrowser\BikeBrowserWorld\Assets\Props\CopperMine\mine_shaft_sign.png",".png","4656"
"BikeBrowserWorld__Assets__Props__CopperMine__ore_cart_track_switch.png","C:\dev\bikebrowser\BikeBrowserWorld\Assets\Props\CopperMine\ore_cart_track_switch.png",".png","6832"
"BikeBrowserWorld__Assets__Props__CopperMine__pickaxe.png","C:\dev\bikebrowser\BikeBrowserWorld\Assets\Props\CopperMine\pickaxe.png",".png","2216"
"BikeBrowserWorld__Assets__Props__CopperMine__rail_tracks.png","C:\dev\bikebrowser\BikeBrowserWorld\Assets\Props\CopperMine\rail_tracks.png",".png","2682"
"BikeBrowserWorld__Assets__Props__CopperMine__Raw__coppermine_atlas_raw.png","C:\dev\bikebrowser\BikeBrowserWorld\Assets\Props\CopperMine\Raw\coppermine_atlas_raw.png",".png","2018092"
"BikeBrowserWorld__Assets__Props__CopperMine__rock_sample_table.png","C:\dev\bikebrowser\BikeBrowserWorld\Assets\Props\CopperMine\rock_sample_table.png",".png","15746"
"BikeBrowserWorld__Assets__Props__CopperMine__surface_copper_rocks.png","C:\dev\bikebrowser\BikeBrowserWorld\Assets\Props\CopperMine\surface_copper_rocks.png",".png","2581"
"BikeBrowserWorld__Assets__Props__CopperMine__timber_support_beam.png","C:\dev\bikebrowser\BikeBrowserWorld\Assets\Props\CopperMine\timber_support_beam.png",".png","4849"
"BikeBrowserWorld__Assets__Props__CopperMine__ventilation_fan.png","C:\dev\bikebrowser\BikeBrowserWorld\Assets\Props\CopperMine\ventilation_fan.png",".png","9538"
"BikeBrowserWorld__Assets__Props__CopperMine__wire_spool.png","C:\dev\bikebrowser\BikeBrowserWorld\Assets\Props\CopperMine\wire_spool.png",".png","4567"
"BikeBrowserWorld__Assets__Props__Desert__agave.png","C:\dev\bikebrowser\BikeBrowserWorld\Assets\Props\Desert\agave.png",".png","8467"
"BikeBrowserWorld__Assets__Props__Desert__animal_skull.png","C:\dev\bikebrowser\BikeBrowserWorld\Assets\Props\Desert\animal_skull.png",".png","2110"
"BikeBrowserWorld__Assets__Props__Desert__ant_mound.png","C:\dev\bikebrowser\BikeBrowserWorld\Assets\Props\Desert\ant_mound.png",".png","4928"
"BikeBrowserWorld__Assets__Props__Desert__barrel_cactus.png","C:\dev\bikebrowser\BikeBrowserWorld\Assets\Props\Desert\barrel_cactus.png",".png","9174"
"BikeBrowserWorld__Assets__Props__Desert__cholla_cactus.png","C:\dev\bikebrowser\BikeBrowserWorld\Assets\Props\Desert\cholla_cactus.png",".png","7427"
"BikeBrowserWorld__Assets__Props__Desert__desert_contact_sheet.png","C:\dev\bikebrowser\BikeBrowserWorld\Assets\Props\Desert\desert_contact_sheet.png",".png","167636"
"BikeBrowserWorld__Assets__Props__Desert__desert_lavender.png","C:\dev\bikebrowser\BikeBrowserWorld\Assets\Props\Desert\desert_lavender.png",".png","2899"
"BikeBrowserWorld__Assets__Props__Desert__desert_marigold_flower.png","C:\dev\bikebrowser\BikeBrowserWorld\Assets\Props\Desert\desert_marigold_flower.png",".png","2262"
"BikeBrowserWorld__Assets__Props__Desert__ephedra.png","C:\dev\bikebrowser\BikeBrowserWorld\Assets\Props\Desert\ephedra.png",".png","4303"
"BikeBrowserWorld__Assets__Props__Desert__feather_on_ground.png","C:\dev\bikebrowser\BikeBrowserWorld\Assets\Props\Desert\feather_on_ground.png",".png","1929"
"BikeBrowserWorld__Assets__Props__Desert__field_guide_binoculars.png","C:\dev\bikebrowser\BikeBrowserWorld\Assets\Props\Desert\field_guide_binoculars.png",".png","4448"
"BikeBrowserWorld__Assets__Props__Desert__foraging_basket.png","C:\dev\bikebrowser\BikeBrowserWorld\Assets\Props\Desert\foraging_basket.png",".png","2768"
"BikeBrowserWorld__Assets__Props__Desert__hawk_silhouette.png","C:\dev\bikebrowser\BikeBrowserWorld\Assets\Props\Desert\hawk_silhouette.png",".png","7255"
"BikeBrowserWorld__Assets__Props__Desert__jojoba_shrub.png","C:\dev\bikebrowser\BikeBrowserWorld\Assets\Props\Desert\jojoba_shrub.png",".png","7825"
"BikeBrowserWorld__Assets__Props__Desert__mesquite_tree.png","C:\dev\bikebrowser\BikeBrowserWorld\Assets\Props\Desert\mesquite_tree.png",".png","21956"
"BikeBrowserWorld__Assets__Props__Desert__ocotillo_plant.png","C:\dev\bikebrowser\BikeBrowserWorld\Assets\Props\Desert\ocotillo_plant.png",".png","5173"
"BikeBrowserWorld__Assets__Props__Desert__old_crate.png","C:\dev\bikebrowser\BikeBrowserWorld\Assets\Props\Desert\old_crate.png",".png","4751"
"BikeBrowserWorld__Assets__Props__Desert__palo_verde_tree.png","C:\dev\bikebrowser\BikeBrowserWorld\Assets\Props\Desert\palo_verde_tree.png",".png","13429"
"BikeBrowserWorld__Assets__Props__Desert__plant_sample_bag.png","C:\dev\bikebrowser\BikeBrowserWorld\Assets\Props\Desert\plant_sample_bag.png",".png","4546"
"BikeBrowserWorld__Assets__Props__Desert__prickly_pear_with_fruit.png","C:\dev\bikebrowser\BikeBrowserWorld\Assets\Props\Desert\prickly_pear_with_fruit.png",".png","7054"
"BikeBrowserWorld__Assets__Props__Desert__Raw__desert_atlas_raw.png","C:\dev\bikebrowser\BikeBrowserWorld\Assets\Props\Desert\Raw\desert_atlas_raw.png",".png","1363872"
"BikeBrowserWorld__Assets__Props__Desert__Raw__desert_foraging_atlas_raw.png","C:\dev\bikebrowser\BikeBrowserWorld\Assets\Props\Desert\Raw\desert_foraging_atlas_raw.png",".png","2003693"
"BikeBrowserWorld__Assets__Props__Desert__scavenge_spot.png","C:\dev\bikebrowser\BikeBrowserWorld\Assets\Props\Desert\scavenge_spot.png",".png","5484"
"BikeBrowserWorld__Assets__Props__Desert__small_lizard.png","C:\dev\bikebrowser\BikeBrowserWorld\Assets\Props\Desert\small_lizard.png",".png","2184"
"BikeBrowserWorld__Assets__Props__Desert__tracks_in_sand.png","C:\dev\bikebrowser\BikeBrowserWorld\Assets\Props\Desert\tracks_in_sand.png",".png","13699"
"BikeBrowserWorld__Assets__Props__Desert__trail_marker_sign.png","C:\dev\bikebrowser\BikeBrowserWorld\Assets\Props\Desert\trail_marker_sign.png",".png","3601"
"BikeBrowserWorld__Assets__Props__Desert__yucca.png","C:\dev\bikebrowser\BikeBrowserWorld\Assets\Props\Desert\yucca.png",".png","8089"
"BikeBrowserWorld__Assets__Props__DryWash__agave_fiber_bundle.png","C:\dev\bikebrowser\BikeBrowserWorld\Assets\Props\DryWash\agave_fiber_bundle.png",".png","4411"
"BikeBrowserWorld__Assets__Props__DryWash__bridge_support_pier.png","C:\dev\bikebrowser\BikeBrowserWorld\Assets\Props\DryWash\bridge_support_pier.png",".png","15239"
"BikeBrowserWorld__Assets__Props__DryWash__broken_bridge_beam.png","C:\dev\bikebrowser\BikeBrowserWorld\Assets\Props\DryWash\broken_bridge_beam.png",".png","15605"
"BikeBrowserWorld__Assets__Props__DryWash__broken_bridge_plank.png","C:\dev\bikebrowser\BikeBrowserWorld\Assets\Props\DryWash\broken_bridge_plank.png",".png","9865"
"BikeBrowserWorld__Assets__Props__DryWash__cable_anchor_point.png","C:\dev\bikebrowser\BikeBrowserWorld\Assets\Props\DryWash\cable_anchor_point.png",".png","4802"
"BikeBrowserWorld__Assets__Props__DryWash__clipboard_bridge_plan.png","C:\dev\bikebrowser\BikeBrowserWorld\Assets\Props\DryWash\clipboard_bridge_plan.png",".png","7162"
"BikeBrowserWorld__Assets__Props__DryWash__debris_a.png","C:\dev\bikebrowser\BikeBrowserWorld\Assets\Props\DryWash\debris_a.png",".png","7714"
"BikeBrowserWorld__Assets__Props__DryWash__debris_b.png","C:\dev\bikebrowser\BikeBrowserWorld\Assets\Props\DryWash\debris_b.png",".png","6650"
"BikeBrowserWorld__Assets__Props__DryWash__debris_c.png","C:\dev\bikebrowser\BikeBrowserWorld\Assets\Props\DryWash\debris_c.png",".png","8781"
"BikeBrowserWorld__Assets__Props__DryWash__dry_wash_channel_tile.png","C:\dev\bikebrowser\BikeBrowserWorld\Assets\Props\DryWash\dry_wash_channel_tile.png",".png","24045"
"BikeBrowserWorld__Assets__Props__DryWash__dry_wash_contact_sheet.png","C:\dev\bikebrowser\BikeBrowserWorld\Assets\Props\DryWash\dry_wash_contact_sheet.png",".png","179438"
"BikeBrowserWorld__Assets__Props__DryWash__drywash_contact_sheet.png","C:\dev\bikebrowser\BikeBrowserWorld\Assets\Props\DryWash\drywash_contact_sheet.png",".png","221428"
"BikeBrowserWorld__Assets__Props__DryWash__load_weight_marker.png","C:\dev\bikebrowser\BikeBrowserWorld\Assets\Props\DryWash\load_weight_marker.png",".png","3841"
"BikeBrowserWorld__Assets__Props__DryWash__measuring_tape.png","C:\dev\bikebrowser\BikeBrowserWorld\Assets\Props\DryWash\measuring_tape.png",".png","1979"
"BikeBrowserWorld__Assets__Props__DryWash__mesquite_branch.png","C:\dev\bikebrowser\BikeBrowserWorld\Assets\Props\DryWash\mesquite_branch.png",".png","2597"
"BikeBrowserWorld__Assets__Props__DryWash__monsoon_warning_sign.png","C:\dev\bikebrowser\BikeBrowserWorld\Assets\Props\DryWash\monsoon_warning_sign.png",".png","3490"
"BikeBrowserWorld__Assets__Props__DryWash__mud_puddle.png","C:\dev\bikebrowser\BikeBrowserWorld\Assets\Props\DryWash\mud_puddle.png",".png","6427"
"BikeBrowserWorld__Assets__Props__DryWash__muddy_wash_bank.png","C:\dev\bikebrowser\BikeBrowserWorld\Assets\Props\DryWash\muddy_wash_bank.png",".png","21187"
"BikeBrowserWorld__Assets__Props__DryWash__Raw__dry_wash_bridge_atlas_raw.png","C:\dev\bikebrowser\BikeBrowserWorld\Assets\Props\DryWash\Raw\dry_wash_bridge_atlas_raw.png",".png","1864570"
"BikeBrowserWorld__Assets__Props__DryWash__Raw__drywash_atlas_raw.png","C:\dev\bikebrowser\BikeBrowserWorld\Assets\Props\DryWash\Raw\drywash_atlas_raw.png",".png","1622115"
"BikeBrowserWorld__Assets__Props__DryWash__rock_pile_wash_stones.png","C:\dev\bikebrowser\BikeBrowserWorld\Assets\Props\DryWash\rock_pile_wash_stones.png",".png","6283"
"BikeBrowserWorld__Assets__Props__DryWash__rope_coil.png","C:\dev\bikebrowser\BikeBrowserWorld\Assets\Props\DryWash\rope_coil.png",".png","4800"
"BikeBrowserWorld__Assets__Props__DryWash__sandbag_stack.png","C:\dev\bikebrowser\BikeBrowserWorld\Assets\Props\DryWash\sandbag_stack.png",".png","6568"
"BikeBrowserWorld__Assets__Props__DryWash__test_bridge_segment.png","C:\dev\bikebrowser\BikeBrowserWorld\Assets\Props\DryWash\test_bridge_segment.png",".png","15473"
"BikeBrowserWorld__Assets__Props__DryWash__trail_lock_marker.png","C:\dev\bikebrowser\BikeBrowserWorld\Assets\Props\DryWash\trail_lock_marker.png",".png","2458"
"BikeBrowserWorld__Assets__Props__DryWash__water_ripple_strip.png","C:\dev\bikebrowser\BikeBrowserWorld\Assets\Props\DryWash\water_ripple_strip.png",".png","5661"
"BikeBrowserWorld__Assets__Props__DryWash__wooden_pallet_raft.png","C:\dev\bikebrowser\BikeBrowserWorld\Assets\Props\DryWash\wooden_pallet_raft.png",".png","12941"
"BikeBrowserWorld__Assets__Props__DryWash__yucca_fiber_bundle.png","C:\dev\bikebrowser\BikeBrowserWorld\Assets\Props\DryWash\yucca_fiber_bundle.png",".png","3870"
"BikeBrowserWorld__Assets__Props__Garage__air_pressure_gauge.png","C:\dev\bikebrowser\BikeBrowserWorld\Assets\Props\Garage\air_pressure_gauge.png",".png","2769"
"BikeBrowserWorld__Assets__Props__Garage__bike_on_stand.png","C:\dev\bikebrowser\BikeBrowserWorld\Assets\Props\Garage\bike_on_stand.png",".png","19723"
"BikeBrowserWorld__Assets__Props__Garage__bike_pump_hand.png","C:\dev\bikebrowser\BikeBrowserWorld\Assets\Props\Garage\bike_pump_hand.png",".png","7873"
"BikeBrowserWorld__Assets__Props__Garage__bike_repair_stand.png","C:\dev\bikebrowser\BikeBrowserWorld\Assets\Props\Garage\bike_repair_stand.png",".png","6917"
"BikeBrowserWorld__Assets__Props__Garage__cable_cutter.png","C:\dev\bikebrowser\BikeBrowserWorld\Assets\Props\Garage\cable_cutter.png",".png","2043"
"BikeBrowserWorld__Assets__Props__Garage__cassette_gear_cluster.png","C:\dev\bikebrowser\BikeBrowserWorld\Assets\Props\Garage\cassette_gear_cluster.png",".png","6007"
"BikeBrowserWorld__Assets__Props__Garage__chain_lube_bottle.png","C:\dev\bikebrowser\BikeBrowserWorld\Assets\Props\Garage\chain_lube_bottle.png",".png","2245"
"BikeBrowserWorld__Assets__Props__Garage__garage_contact_sheet.png","C:\dev\bikebrowser\BikeBrowserWorld\Assets\Props\Garage\garage_contact_sheet.png",".png","171542"
"BikeBrowserWorld__Assets__Props__Garage__grease_gun.png","C:\dev\bikebrowser\BikeBrowserWorld\Assets\Props\Garage\grease_gun.png",".png","3009"
"BikeBrowserWorld__Assets__Props__Garage__hanging_string_lights.png","C:\dev\bikebrowser\BikeBrowserWorld\Assets\Props\Garage\hanging_string_lights.png",".png","3971"
"BikeBrowserWorld__Assets__Props__Garage__hex_key_set.png","C:\dev\bikebrowser\BikeBrowserWorld\Assets\Props\Garage\hex_key_set.png",".png","2799"
"BikeBrowserWorld__Assets__Props__Garage__keep_pedaling_poster.png","C:\dev\bikebrowser\BikeBrowserWorld\Assets\Props\Garage\keep_pedaling_poster.png",".png","11432"
"BikeBrowserWorld__Assets__Props__Garage__metal_oil_can.png","C:\dev\bikebrowser\BikeBrowserWorld\Assets\Props\Garage\metal_oil_can.png",".png","3347"
"BikeBrowserWorld__Assets__Props__Garage__metal_toolbox.png","C:\dev\bikebrowser\BikeBrowserWorld\Assets\Props\Garage\metal_toolbox.png",".png","5814"
"BikeBrowserWorld__Assets__Props__Garage__multi_tool.png","C:\dev\bikebrowser\BikeBrowserWorld\Assets\Props\Garage\multi_tool.png",".png","4699"
"BikeBrowserWorld__Assets__Props__Garage__oil_stain_floor.png","C:\dev\bikebrowser\BikeBrowserWorld\Assets\Props\Garage\oil_stain_floor.png",".png","4586"
"BikeBrowserWorld__Assets__Props__Garage__paint_can_wall_shelf.png","C:\dev\bikebrowser\BikeBrowserWorld\Assets\Props\Garage\paint_can_wall_shelf.png",".png","8055"
"BikeBrowserWorld__Assets__Props__Garage__parts_bin.png","C:\dev\bikebrowser\BikeBrowserWorld\Assets\Props\Garage\parts_bin.png",".png","5551"
"BikeBrowserWorld__Assets__Props__Garage__pegboard_tool_rack.png","C:\dev\bikebrowser\BikeBrowserWorld\Assets\Props\Garage\pegboard_tool_rack.png",".png","15673"
"BikeBrowserWorld__Assets__Props__Garage__Raw__bike_repair_stand_raw.png","C:\dev\bikebrowser\BikeBrowserWorld\Assets\Props\Garage\Raw\bike_repair_stand_raw.png",".png","939441"
"BikeBrowserWorld__Assets__Props__Garage__Raw__garage_atlas_raw.png","C:\dev\bikebrowser\BikeBrowserWorld\Assets\Props\Garage\Raw\garage_atlas_raw.png",".png","1827121"
"BikeBrowserWorld__Assets__Props__Garage__Raw__hanging_string_lights_raw.png","C:\dev\bikebrowser\BikeBrowserWorld\Assets\Props\Garage\Raw\hanging_string_lights_raw.png",".png","844419"
"BikeBrowserWorld__Assets__Props__Garage__Raw__keep_pedaling_poster_raw.png","C:\dev\bikebrowser\BikeBrowserWorld\Assets\Props\Garage\Raw\keep_pedaling_poster_raw.png",".png","1608711"
"BikeBrowserWorld__Assets__Props__Garage__Raw__metal_oil_can_raw.png","C:\dev\bikebrowser\BikeBrowserWorld\Assets\Props\Garage\Raw\metal_oil_can_raw.png",".png","902371"
"BikeBrowserWorld__Assets__Props__Garage__Raw__metal_toolbox_raw.png","C:\dev\bikebrowser\BikeBrowserWorld\Assets\Props\Garage\Raw\metal_toolbox_raw.png",".png","1095649"
"BikeBrowserWorld__Assets__Props__Garage__Raw__paint_can_wall_shelf_raw.png","C:\dev\bikebrowser\BikeBrowserWorld\Assets\Props\Garage\Raw\paint_can_wall_shelf_raw.png",".png","1162806"
"BikeBrowserWorld__Assets__Props__Garage__Raw__pegboard_tool_rack_raw.png","C:\dev\bikebrowser\BikeBrowserWorld\Assets\Props\Garage\Raw\pegboard_tool_rack_raw.png",".png","1480511"
"BikeBrowserWorld__Assets__Props__Garage__Raw__stacked_tires_raw.png","C:\dev\bikebrowser\BikeBrowserWorld\Assets\Props\Garage\Raw\stacked_tires_raw.png",".png","979040"
"BikeBrowserWorld__Assets__Props__Garage__Raw__wooden_workbench_tools_raw.png","C:\dev\bikebrowser\BikeBrowserWorld\Assets\Props\Garage\Raw\wooden_workbench_tools_raw.png",".png","1153922"
"BikeBrowserWorld__Assets__Props__Garage__Raw__z_emblem_floor_rug_raw.png","C:\dev\bikebrowser\BikeBrowserWorld\Assets\Props\Garage\Raw\z_emblem_floor_rug_raw.png",".png","1388652"
"BikeBrowserWorld__Assets__Props__Garage__rear_derailleur_closeup.png","C:\dev\bikebrowser\BikeBrowserWorld\Assets\Props\Garage\rear_derailleur_closeup.png",".png","12660"
"BikeBrowserWorld__Assets__Props__Garage__small_nail_thorn.png","C:\dev\bikebrowser\BikeBrowserWorld\Assets\Props\Garage\small_nail_thorn.png",".png","1307"
"BikeBrowserWorld__Assets__Props__Garage__spoke_wrench.png","C:\dev\bikebrowser\BikeBrowserWorld\Assets\Props\Garage\spoke_wrench.png",".png","2543"
"BikeBrowserWorld__Assets__Props__Garage__stacked_tires.png","C:\dev\bikebrowser\BikeBrowserWorld\Assets\Props\Garage\stacked_tires.png",".png","7348"
"BikeBrowserWorld__Assets__Props__Garage__valve_stem.png","C:\dev\bikebrowser\BikeBrowserWorld\Assets\Props\Garage\valve_stem.png",".png","1217"
"BikeBrowserWorld__Assets__Props__Garage__wooden_workbench_tools.png","C:\dev\bikebrowser\BikeBrowserWorld\Assets\Props\Garage\wooden_workbench_tools.png",".png","12948"
"BikeBrowserWorld__Assets__Props__Garage__z_emblem_floor_rug.png","C:\dev\bikebrowser\BikeBrowserWorld\Assets\Props\Garage\z_emblem_floor_rug.png",".png","17700"
"BikeBrowserWorld__Assets__Props__Labs__battery_cell.png","C:\dev\bikebrowser\BikeBrowserWorld\Assets\Props\Labs\battery_cell.png",".png","1844"
"BikeBrowserWorld__Assets__Props__Labs__battery_lab_bench.png","C:\dev\bikebrowser\BikeBrowserWorld\Assets\Props\Labs\battery_lab_bench.png",".png","11342"
"BikeBrowserWorld__Assets__Props__Labs__beaker_blue_liquid.png","C:\dev\bikebrowser\BikeBrowserWorld\Assets\Props\Labs\beaker_blue_liquid.png",".png","3916"
"BikeBrowserWorld__Assets__Props__Labs__beaker_green_liquid.png","C:\dev\bikebrowser\BikeBrowserWorld\Assets\Props\Labs\beaker_green_liquid.png",".png","3865"
"BikeBrowserWorld__Assets__Props__Labs__beaker_purple_liquid.png","C:\dev\bikebrowser\BikeBrowserWorld\Assets\Props\Labs\beaker_purple_liquid.png",".png","3868"
"BikeBrowserWorld__Assets__Props__Labs__bms_module.png","C:\dev\bikebrowser\BikeBrowserWorld\Assets\Props\Labs\bms_module.png",".png","1495"
"BikeBrowserWorld__Assets__Props__Labs__cell_holder.png","C:\dev\bikebrowser\BikeBrowserWorld\Assets\Props\Labs\cell_holder.png",".png","2350"
"BikeBrowserWorld__Assets__Props__Labs__charcoal_carbonized_wood.png","C:\dev\bikebrowser\BikeBrowserWorld\Assets\Props\Labs\charcoal_carbonized_wood.png",".png","3842"
"BikeBrowserWorld__Assets__Props__Labs__charger.png","C:\dev\bikebrowser\BikeBrowserWorld\Assets\Props\Labs\charger.png",".png","4549"
"BikeBrowserWorld__Assets__Props__Labs__circuit_board.png","C:\dev\bikebrowser\BikeBrowserWorld\Assets\Props\Labs\circuit_board.png",".png","3905"
"BikeBrowserWorld__Assets__Props__Labs__drying_tray.png","C:\dev\bikebrowser\BikeBrowserWorld\Assets\Props\Labs\drying_tray.png",".png","6198"
"BikeBrowserWorld__Assets__Props__Labs__electronics_bench.png","C:\dev\bikebrowser\BikeBrowserWorld\Assets\Props\Labs\electronics_bench.png",".png","17071"
"BikeBrowserWorld__Assets__Props__Labs__fiber_processing_table.png","C:\dev\bikebrowser\BikeBrowserWorld\Assets\Props\Labs\fiber_processing_table.png",".png","20236"
"BikeBrowserWorld__Assets__Props__Labs__filter_funnel.png","C:\dev\bikebrowser\BikeBrowserWorld\Assets\Props\Labs\filter_funnel.png",".png","3775"
"BikeBrowserWorld__Assets__Props__Labs__fire_safe_storage_box.png","C:\dev\bikebrowser\BikeBrowserWorld\Assets\Props\Labs\fire_safe_storage_box.png",".png","6151"
"BikeBrowserWorld__Assets__Props__Labs__flask.png","C:\dev\bikebrowser\BikeBrowserWorld\Assets\Props\Labs\flask.png",".png","2328"
"BikeBrowserWorld__Assets__Props__Labs__fuse.png","C:\dev\bikebrowser\BikeBrowserWorld\Assets\Props\Labs\fuse.png",".png","1419"
"BikeBrowserWorld__Assets__Props__Labs__kiln_furnace.png","C:\dev\bikebrowser\BikeBrowserWorld\Assets\Props\Labs\kiln_furnace.png",".png","14774"
"BikeBrowserWorld__Assets__Props__Labs__labs_contact_sheet.png","C:\dev\bikebrowser\BikeBrowserWorld\Assets\Props\Labs\labs_contact_sheet.png",".png","180011"
"BikeBrowserWorld__Assets__Props__Labs__microscope.png","C:\dev\bikebrowser\BikeBrowserWorld\Assets\Props\Labs\microscope.png",".png","5375"
"BikeBrowserWorld__Assets__Props__Labs__Raw__labs_atlas_raw.png","C:\dev\bikebrowser\BikeBrowserWorld\Assets\Props\Labs\Raw\labs_atlas_raw.png",".png","2102440"
"BikeBrowserWorld__Assets__Props__Labs__refinement_table.png","C:\dev\bikebrowser\BikeBrowserWorld\Assets\Props\Labs\refinement_table.png",".png","11620"
"BikeBrowserWorld__Assets__Props__Labs__rubber_workshop_station.png","C:\dev\bikebrowser\BikeBrowserWorld\Assets\Props\Labs\rubber_workshop_station.png",".png","20081"
"BikeBrowserWorld__Assets__Props__Labs__safety_goggles.png","C:\dev\bikebrowser\BikeBrowserWorld\Assets\Props\Labs\safety_goggles.png",".png","3677"
"BikeBrowserWorld__Assets__Props__Labs__soldering_station.png","C:\dev\bikebrowser\BikeBrowserWorld\Assets\Props\Labs\soldering_station.png",".png","4850"
"BikeBrowserWorld__Assets__Props__Labs__wire_bundle.png","C:\dev\bikebrowser\BikeBrowserWorld\Assets\Props\Labs\wire_bundle.png",".png","2327"
"BikeBrowserWorld__Assets__Props__Neighborhood__bicycle_leaned_on_fence.png","C:\dev\bikebrowser\BikeBrowserWorld\Assets\Props\Neighborhood\bicycle_leaned_on_fence.png",".png","11487"
"BikeBrowserWorld__Assets__Props__Neighborhood__bird_bath.png","C:\dev\bikebrowser\BikeBrowserWorld\Assets\Props\Neighborhood\bird_bath.png",".png","3229"
"BikeBrowserWorld__Assets__Props__Neighborhood__chalk_hopscotch.png","C:\dev\bikebrowser\BikeBrowserWorld\Assets\Props\Neighborhood\chalk_hopscotch.png",".png","3952"
"BikeBrowserWorld__Assets__Props__Neighborhood__chalk_smiling_sun.png","C:\dev\bikebrowser\BikeBrowserWorld\Assets\Props\Neighborhood\chalk_smiling_sun.png",".png","6278"
"BikeBrowserWorld__Assets__Props__Neighborhood__creosote_bush.png","C:\dev\bikebrowser\BikeBrowserWorld\Assets\Props\Neighborhood\creosote_bush.png",".png","9478"
"BikeBrowserWorld__Assets__Props__Neighborhood__desert_rock_cluster.png","C:\dev\bikebrowser\BikeBrowserWorld\Assets\Props\Neighborhood\desert_rock_cluster.png",".png","6134"
"BikeBrowserWorld__Assets__Props__Neighborhood__driveway_slab.png","C:\dev\bikebrowser\BikeBrowserWorld\Assets\Props\Neighborhood\driveway_slab.png",".png","11315"
"BikeBrowserWorld__Assets__Props__Neighborhood__fire_hydrant.png","C:\dev\bikebrowser\BikeBrowserWorld\Assets\Props\Neighborhood\fire_hydrant.png",".png","3537"
"BikeBrowserWorld__Assets__Props__Neighborhood__garden_gnome.png","C:\dev\bikebrowser\BikeBrowserWorld\Assets\Props\Neighborhood\garden_gnome.png",".png","3515"
"BikeBrowserWorld__Assets__Props__Neighborhood__hose_coil.png","C:\dev\bikebrowser\BikeBrowserWorld\Assets\Props\Neighborhood\hose_coil.png",".png","4060"
"BikeBrowserWorld__Assets__Props__Neighborhood__Houses__chen_workshop_facade.png","C:\dev\bikebrowser\BikeBrowserWorld\Assets\Props\Neighborhood\Houses\chen_workshop_facade.png",".png","352008"
"BikeBrowserWorld__Assets__Props__Neighborhood__Houses__front_door_piece.png","C:\dev\bikebrowser\BikeBrowserWorld\Assets\Props\Neighborhood\Houses\front_door_piece.png",".png","295"
"BikeBrowserWorld__Assets__Props__Neighborhood__Houses__garage_door_piece.png","C:\dev\bikebrowser\BikeBrowserWorld\Assets\Props\Neighborhood\Houses\garage_door_piece.png",".png","326"
"BikeBrowserWorld__Assets__Props__Neighborhood__Houses__house_shadow_piece.png","C:\dev\bikebrowser\BikeBrowserWorld\Assets\Props\Neighborhood\Houses\house_shadow_piece.png",".png","2864"
"BikeBrowserWorld__Assets__Props__Neighborhood__Houses__porch_light_piece.png","C:\dev\bikebrowser\BikeBrowserWorld\Assets\Props\Neighborhood\Houses\porch_light_piece.png",".png","3307"
"BikeBrowserWorld__Assets__Props__Neighborhood__Houses__ramirez_house_facade.png","C:\dev\bikebrowser\BikeBrowserWorld\Assets\Props\Neighborhood\Houses\ramirez_house_facade.png",".png","482390"
"BikeBrowserWorld__Assets__Props__Neighborhood__Houses__roof_section_piece.png","C:\dev\bikebrowser\BikeBrowserWorld\Assets\Props\Neighborhood\Houses\roof_section_piece.png",".png","493"
"BikeBrowserWorld__Assets__Props__Neighborhood__Houses__trim_piece.png","C:\dev\bikebrowser\BikeBrowserWorld\Assets\Props\Neighborhood\Houses\trim_piece.png",".png","122"
"BikeBrowserWorld__Assets__Props__Neighborhood__Houses__wall_facade_piece.png","C:\dev\bikebrowser\BikeBrowserWorld\Assets\Props\Neighborhood\Houses\wall_facade_piece.png",".png","262"
"BikeBrowserWorld__Assets__Props__Neighborhood__Houses__warm_window_piece.png","C:\dev\bikebrowser\BikeBrowserWorld\Assets\Props\Neighborhood\Houses\warm_window_piece.png",".png","206"
"BikeBrowserWorld__Assets__Props__Neighborhood__Houses__workshop_house_facade.png","C:\dev\bikebrowser\BikeBrowserWorld\Assets\Props\Neighborhood\Houses\workshop_house_facade.png",".png","13585"
"BikeBrowserWorld__Assets__Props__Neighborhood__Houses__zuzu_house_facade.png","C:\dev\bikebrowser\BikeBrowserWorld\Assets\Props\Neighborhood\Houses\zuzu_house_facade.png",".png","398066"
"BikeBrowserWorld__Assets__Props__Neighborhood__neighborhood_contact_sheet.png","C:\dev\bikebrowser\BikeBrowserWorld\Assets\Props\Neighborhood\neighborhood_contact_sheet.png",".png","127575"
"BikeBrowserWorld__Assets__Props__Neighborhood__porch_light_glow.png","C:\dev\bikebrowser\BikeBrowserWorld\Assets\Props\Neighborhood\porch_light_glow.png",".png","4613"
"BikeBrowserWorld__Assets__Props__Neighborhood__prickly_pear_cactus.png","C:\dev\bikebrowser\BikeBrowserWorld\Assets\Props\Neighborhood\prickly_pear_cactus.png",".png","6436"
"BikeBrowserWorld__Assets__Props__Neighborhood__Raw__chalk_hopscotch_raw.png","C:\dev\bikebrowser\BikeBrowserWorld\Assets\Props\Neighborhood\Raw\chalk_hopscotch_raw.png",".png","1082947"
"BikeBrowserWorld__Assets__Props__Neighborhood__Raw__chalk_smiling_sun_raw.png","C:\dev\bikebrowser\BikeBrowserWorld\Assets\Props\Neighborhood\Raw\chalk_smiling_sun_raw.png",".png","1211242"
"BikeBrowserWorld__Assets__Props__Neighborhood__Raw__creosote_bush_raw.png","C:\dev\bikebrowser\BikeBrowserWorld\Assets\Props\Neighborhood\Raw\creosote_bush_raw.png",".png","1171148"
"BikeBrowserWorld__Assets__Props__Neighborhood__Raw__desert_rock_cluster_raw.png","C:\dev\bikebrowser\BikeBrowserWorld\Assets\Props\Neighborhood\Raw\desert_rock_cluster_raw.png",".png","1011078"
"BikeBrowserWorld__Assets__Props__Neighborhood__Raw__fire_hydrant_raw.png","C:\dev\bikebrowser\BikeBrowserWorld\Assets\Props\Neighborhood\Raw\fire_hydrant_raw.png",".png","984070"
"BikeBrowserWorld__Assets__Props__Neighborhood__Raw__neighborhood_atlas_raw.png","C:\dev\bikebrowser\BikeBrowserWorld\Assets\Props\Neighborhood\Raw\neighborhood_atlas_raw.png",".png","1768830"
"BikeBrowserWorld__Assets__Props__Neighborhood__Raw__porch_light_glow_raw.png","C:\dev\bikebrowser\BikeBrowserWorld\Assets\Props\Neighborhood\Raw\porch_light_glow_raw.png",".png","933207"
"BikeBrowserWorld__Assets__Props__Neighborhood__Raw__prickly_pear_cactus_raw.png","C:\dev\bikebrowser\BikeBrowserWorld\Assets\Props\Neighborhood\Raw\prickly_pear_cactus_raw.png",".png","1037407"
"BikeBrowserWorld__Assets__Props__Neighborhood__Raw__saguaro_cactus_raw.png","C:\dev\bikebrowser\BikeBrowserWorld\Assets\Props\Neighborhood\Raw\saguaro_cactus_raw.png",".png","1093873"
"BikeBrowserWorld__Assets__Props__Neighborhood__Raw__street_sign_desert_way_raw.png","C:\dev\bikebrowser\BikeBrowserWorld\Assets\Props\Neighborhood\Raw\street_sign_desert_way_raw.png",".png","978262"
"BikeBrowserWorld__Assets__Props__Neighborhood__Raw__suburban_mailbox_raw.png","C:\dev\bikebrowser\BikeBrowserWorld\Assets\Props\Neighborhood\Raw\suburban_mailbox_raw.png",".png","995136"
"BikeBrowserWorld__Assets__Props__Neighborhood__Raw__wooden_fence_segment_raw.png","C:\dev\bikebrowser\BikeBrowserWorld\Assets\Props\Neighborhood\Raw\wooden_fence_segment_raw.png",".png","995459"
"BikeBrowserWorld__Assets__Props__Neighborhood__saguaro_cactus.png","C:\dev\bikebrowser\BikeBrowserWorld\Assets\Props\Neighborhood\saguaro_cactus.png",".png","11305"
"BikeBrowserWorld__Assets__Props__Neighborhood__sidewalk_curb_segment.png","C:\dev\bikebrowser\BikeBrowserWorld\Assets\Props\Neighborhood\sidewalk_curb_segment.png",".png","5006"
"BikeBrowserWorld__Assets__Props__Neighborhood__street_lamp.png","C:\dev\bikebrowser\BikeBrowserWorld\Assets\Props\Neighborhood\street_lamp.png",".png","3133"
"BikeBrowserWorld__Assets__Props__Neighborhood__street_sign_desert_way.png","C:\dev\bikebrowser\BikeBrowserWorld\Assets\Props\Neighborhood\street_sign_desert_way.png",".png","3530"
"BikeBrowserWorld__Assets__Props__Neighborhood__suburban_mailbox.png","C:\dev\bikebrowser\BikeBrowserWorld\Assets\Props\Neighborhood\suburban_mailbox.png",".png","3347"
"BikeBrowserWorld__Assets__Props__Neighborhood__trash_can.png","C:\dev\bikebrowser\BikeBrowserWorld\Assets\Props\Neighborhood\trash_can.png",".png","4057"
"BikeBrowserWorld__Assets__Props__Neighborhood__welcome_mat.png","C:\dev\bikebrowser\BikeBrowserWorld\Assets\Props\Neighborhood\welcome_mat.png",".png","3688"
"BikeBrowserWorld__Assets__Props__Neighborhood__wooden_fence_segment.png","C:\dev\bikebrowser\BikeBrowserWorld\Assets\Props\Neighborhood\wooden_fence_segment.png",".png","8165"
"BikeBrowserWorld__Assets__Props__prop_batch_01_contact_sheet.png","C:\dev\bikebrowser\BikeBrowserWorld\Assets\Props\prop_batch_01_contact_sheet.png",".png","209246"
"BikeBrowserWorld__Assets__Props__Repair__bike_wheel.aseprite","C:\dev\bikebrowser\BikeBrowserWorld\Assets\Props\Repair\bike_wheel.aseprite",".aseprite","19594"
"BikeBrowserWorld__Assets__Props__Repair__bike_wheel.png","C:\dev\bikebrowser\BikeBrowserWorld\Assets\Props\Repair\bike_wheel.png",".png","18452"
"BikeBrowserWorld__Assets__Props__Repair__floor_air_pump.aseprite","C:\dev\bikebrowser\BikeBrowserWorld\Assets\Props\Repair\floor_air_pump.aseprite",".aseprite","7817"
"BikeBrowserWorld__Assets__Props__Repair__floor_air_pump.png","C:\dev\bikebrowser\BikeBrowserWorld\Assets\Props\Repair\floor_air_pump.png",".png","6093"
"BikeBrowserWorld__Assets__Props__Repair__inner_tube.aseprite","C:\dev\bikebrowser\BikeBrowserWorld\Assets\Props\Repair\inner_tube.aseprite",".aseprite","12159"
"BikeBrowserWorld__Assets__Props__Repair__inner_tube.png","C:\dev\bikebrowser\BikeBrowserWorld\Assets\Props\Repair\inner_tube.png",".png","10384"
"BikeBrowserWorld__Assets__Props__Repair__loose_bike_chain.aseprite","C:\dev\bikebrowser\BikeBrowserWorld\Assets\Props\Repair\loose_bike_chain.aseprite",".aseprite","3883"
"BikeBrowserWorld__Assets__Props__Repair__loose_bike_chain.png","C:\dev\bikebrowser\BikeBrowserWorld\Assets\Props\Repair\loose_bike_chain.png",".png","2506"
"BikeBrowserWorld__Assets__Props__Repair__Raw__bike_wheel_raw.png","C:\dev\bikebrowser\BikeBrowserWorld\Assets\Props\Repair\Raw\bike_wheel_raw.png",".png","1239274"
"BikeBrowserWorld__Assets__Props__Repair__Raw__floor_air_pump_raw.png","C:\dev\bikebrowser\BikeBrowserWorld\Assets\Props\Repair\Raw\floor_air_pump_raw.png",".png","1041152"
"BikeBrowserWorld__Assets__Props__Repair__Raw__inner_tube_raw.png","C:\dev\bikebrowser\BikeBrowserWorld\Assets\Props\Repair\Raw\inner_tube_raw.png",".png","1116583"
"BikeBrowserWorld__Assets__Props__Repair__Raw__loose_bike_chain_raw.png","C:\dev\bikebrowser\BikeBrowserWorld\Assets\Props\Repair\Raw\loose_bike_chain_raw.png",".png","879858"
"BikeBrowserWorld__Assets__Props__Repair__Raw__tire_patch_kit_raw.png","C:\dev\bikebrowser\BikeBrowserWorld\Assets\Props\Repair\Raw\tire_patch_kit_raw.png",".png","1041744"
"BikeBrowserWorld__Assets__Props__Repair__tire_patch_kit.aseprite","C:\dev\bikebrowser\BikeBrowserWorld\Assets\Props\Repair\tire_patch_kit.aseprite",".aseprite","5714"
"BikeBrowserWorld__Assets__Props__Repair__tire_patch_kit.png","C:\dev\bikebrowser\BikeBrowserWorld\Assets\Props\Repair\tire_patch_kit.png",".png","4191"
"BikeBrowserWorld__Assets__Props__SaltRiver__algae_sample.png","C:\dev\bikebrowser\BikeBrowserWorld\Assets\Props\SaltRiver\algae_sample.png",".png","5636"
"BikeBrowserWorld__Assets__Props__SaltRiver__cattail_plant.png","C:\dev\bikebrowser\BikeBrowserWorld\Assets\Props\SaltRiver\cattail_plant.png",".png","3415"
"BikeBrowserWorld__Assets__Props__SaltRiver__clipboard.png","C:\dev\bikebrowser\BikeBrowserWorld\Assets\Props\SaltRiver\clipboard.png",".png","4116"
"BikeBrowserWorld__Assets__Props__SaltRiver__dragonfly.png","C:\dev\bikebrowser\BikeBrowserWorld\Assets\Props\SaltRiver\dragonfly.png",".png","3614"
"BikeBrowserWorld__Assets__Props__SaltRiver__flow_rate_marker.png","C:\dev\bikebrowser\BikeBrowserWorld\Assets\Props\SaltRiver\flow_rate_marker.png",".png","3022"
"BikeBrowserWorld__Assets__Props__SaltRiver__frog.png","C:\dev\bikebrowser\BikeBrowserWorld\Assets\Props\SaltRiver\frog.png",".png","4057"
"BikeBrowserWorld__Assets__Props__SaltRiver__heron.png","C:\dev\bikebrowser\BikeBrowserWorld\Assets\Props\SaltRiver\heron.png",".png","6338"
"BikeBrowserWorld__Assets__Props__SaltRiver__irrigation_channel_sign.png","C:\dev\bikebrowser\BikeBrowserWorld\Assets\Props\SaltRiver\irrigation_channel_sign.png",".png","4629"
"BikeBrowserWorld__Assets__Props__SaltRiver__macroinvertebrate_tray.png","C:\dev\bikebrowser\BikeBrowserWorld\Assets\Props\SaltRiver\macroinvertebrate_tray.png",".png","8387"
"BikeBrowserWorld__Assets__Props__SaltRiver__microbial_sample_jar.png","C:\dev\bikebrowser\BikeBrowserWorld\Assets\Props\SaltRiver\microbial_sample_jar.png",".png","3670"
"BikeBrowserWorld__Assets__Props__SaltRiver__mineral_deposit.png","C:\dev\bikebrowser\BikeBrowserWorld\Assets\Props\SaltRiver\mineral_deposit.png",".png","4632"
"BikeBrowserWorld__Assets__Props__SaltRiver__ph_test_strip.png","C:\dev\bikebrowser\BikeBrowserWorld\Assets\Props\SaltRiver\ph_test_strip.png",".png","2115"
"BikeBrowserWorld__Assets__Props__SaltRiver__Raw__saltriver_atlas_raw.png","C:\dev\bikebrowser\BikeBrowserWorld\Assets\Props\SaltRiver\Raw\saltriver_atlas_raw.png",".png","2008286"
"BikeBrowserWorld__Assets__Props__SaltRiver__reed_fiber_plant.png","C:\dev\bikebrowser\BikeBrowserWorld\Assets\Props\SaltRiver\reed_fiber_plant.png",".png","8157"
"BikeBrowserWorld__Assets__Props__SaltRiver__river_water_tile.png","C:\dev\bikebrowser\BikeBrowserWorld\Assets\Props\SaltRiver\river_water_tile.png",".png","22349"
"BikeBrowserWorld__Assets__Props__SaltRiver__saltriver_contact_sheet.png","C:\dev\bikebrowser\BikeBrowserWorld\Assets\Props\SaltRiver\saltriver_contact_sheet.png",".png","152693"
"BikeBrowserWorld__Assets__Props__SaltRiver__sample_bucket.png","C:\dev\bikebrowser\BikeBrowserWorld\Assets\Props\SaltRiver\sample_bucket.png",".png","4792"
"BikeBrowserWorld__Assets__Props__SaltRiver__sandy_riverbank.png","C:\dev\bikebrowser\BikeBrowserWorld\Assets\Props\SaltRiver\sandy_riverbank.png",".png","22183"
"BikeBrowserWorld__Assets__Props__SaltRiver__small_dock_boardwalk.png","C:\dev\bikebrowser\BikeBrowserWorld\Assets\Props\SaltRiver\small_dock_boardwalk.png",".png","9445"
"BikeBrowserWorld__Assets__Props__SaltRiver__thermometer.png","C:\dev\bikebrowser\BikeBrowserWorld\Assets\Props\SaltRiver\thermometer.png",".png","2119"
"BikeBrowserWorld__Assets__Props__SaltRiver__water_sampling_kit.png","C:\dev\bikebrowser\BikeBrowserWorld\Assets\Props\SaltRiver\water_sampling_kit.png",".png","8403"
"BikeBrowserWorld__Assets__Props__SaltRiver__waterproof_boots.png","C:\dev\bikebrowser\BikeBrowserWorld\Assets\Props\SaltRiver\waterproof_boots.png",".png","4636"
"BikeBrowserWorld__Assets__UI__BridgeNotebook__bridge_family_cards.png","C:\dev\bikebrowser\BikeBrowserWorld\Assets\UI\BridgeNotebook\bridge_family_cards.png",".png","5410"
"BikeBrowserWorld__Assets__UI__BridgeNotebook__bridge_notebook_badge.png","C:\dev\bikebrowser\BikeBrowserWorld\Assets\UI\BridgeNotebook\bridge_notebook_badge.png",".png","2329"
"BikeBrowserWorld__Assets__UI__BridgeNotebook__bridge_notebook_paper.png","C:\dev\bikebrowser\BikeBrowserWorld\Assets\UI\BridgeNotebook\bridge_notebook_paper.png",".png","3428"
"BikeBrowserWorld__Assets__UI__BridgeNotebook__dry_wash_gap.png","C:\dev\bikebrowser\BikeBrowserWorld\Assets\UI\BridgeNotebook\dry_wash_gap.png",".png","1479"
"BikeBrowserWorld__Assets__UI__BridgeNotebook__load_path_arrows.png","C:\dev\bikebrowser\BikeBrowserWorld\Assets\UI\BridgeNotebook\load_path_arrows.png",".png","2527"
"BikeBrowserWorld__Assets__UI__BridgeNotebook__rectangle_frame_states.png","C:\dev\bikebrowser\BikeBrowserWorld\Assets\UI\BridgeNotebook\rectangle_frame_states.png",".png","2217"
"BikeBrowserWorld__Assets__UI__BridgeNotebook__source_png__bridge_family_cards.source.png","C:\dev\bikebrowser\BikeBrowserWorld\Assets\UI\BridgeNotebook\source_png\bridge_family_cards.source.png",".png","5400"
"BikeBrowserWorld__Assets__UI__BridgeNotebook__source_png__bridge_notebook_badge.source.png","C:\dev\bikebrowser\BikeBrowserWorld\Assets\UI\BridgeNotebook\source_png\bridge_notebook_badge.source.png",".png","2344"
"BikeBrowserWorld__Assets__UI__BridgeNotebook__source_png__bridge_notebook_paper.source.png","C:\dev\bikebrowser\BikeBrowserWorld\Assets\UI\BridgeNotebook\source_png\bridge_notebook_paper.source.png",".png","3435"
"BikeBrowserWorld__Assets__UI__BridgeNotebook__source_png__dry_wash_gap.source.png","C:\dev\bikebrowser\BikeBrowserWorld\Assets\UI\BridgeNotebook\source_png\dry_wash_gap.source.png",".png","1466"
"BikeBrowserWorld__Assets__UI__BridgeNotebook__source_png__load_path_arrows.source.png","C:\dev\bikebrowser\BikeBrowserWorld\Assets\UI\BridgeNotebook\source_png\load_path_arrows.source.png",".png","2518"
"BikeBrowserWorld__Assets__UI__BridgeNotebook__source_png__rectangle_frame_states.source.png","C:\dev\bikebrowser\BikeBrowserWorld\Assets\UI\BridgeNotebook\source_png\rectangle_frame_states.source.png",".png","2224"
"BikeBrowserWorld__Assets__UI__BridgeNotebook__source_png__triangle_truss_states.source.png","C:\dev\bikebrowser\BikeBrowserWorld\Assets\UI\BridgeNotebook\source_png\triangle_truss_states.source.png",".png","3418"
"BikeBrowserWorld__Assets__UI__BridgeNotebook__triangle_truss_states.png","C:\dev\bikebrowser\BikeBrowserWorld\Assets\UI\BridgeNotebook\triangle_truss_states.png",".png","3411"
"BikeBrowserWorld__Assets__UI__button_hover.png","C:\dev\bikebrowser\BikeBrowserWorld\Assets\UI\button_hover.png",".png","3931"
"BikeBrowserWorld__Assets__UI__button_normal.png","C:\dev\bikebrowser\BikeBrowserWorld\Assets\UI\button_normal.png",".png","10263"
"BikeBrowserWorld__Assets__UI__dialogue_box_bg.png","C:\dev\bikebrowser\BikeBrowserWorld\Assets\UI\dialogue_box_bg.png",".png","108816"
"BikeBrowserWorld__Assets__UI__health_stamina_bar.png","C:\dev\bikebrowser\BikeBrowserWorld\Assets\UI\health_stamina_bar.png",".png","1452"
"BikeBrowserWorld__Assets__UI__interaction_prompt_e.png","C:\dev\bikebrowser\BikeBrowserWorld\Assets\UI\interaction_prompt_e.png",".png","4295"
"BikeBrowserWorld__Assets__UI__inventory_slot.png","C:\dev\bikebrowser\BikeBrowserWorld\Assets\UI\inventory_slot.png",".png","7467"
"BikeBrowserWorld__Assets__UI__loading_screen.png","C:\dev\bikebrowser\BikeBrowserWorld\Assets\UI\loading_screen.png",".png","1305195"
"BikeBrowserWorld__Assets__UI__minimap_frame.png","C:\dev\bikebrowser\BikeBrowserWorld\Assets\UI\minimap_frame.png",".png","83531"
"BikeBrowserWorld__Assets__UI__npc_name_plate.png","C:\dev\bikebrowser\BikeBrowserWorld\Assets\UI\npc_name_plate.png",".png","3546"
"BikeBrowserWorld__Assets__UI__quest_tracker_panel.png","C:\dev\bikebrowser\BikeBrowserWorld\Assets\UI\quest_tracker_panel.png",".png","211169"
"BikeBrowserWorld__Assets__UI__Raw__ui_atlas_raw.png","C:\dev\bikebrowser\BikeBrowserWorld\Assets\UI\Raw\ui_atlas_raw.png",".png","1997461"
"BikeBrowserWorld__Assets__UI__reward_popup.png","C:\dev\bikebrowser\BikeBrowserWorld\Assets\UI\reward_popup.png",".png","59153"
"BikeBrowserWorld__Assets__UI__title_screen_bg.png","C:\dev\bikebrowser\BikeBrowserWorld\Assets\UI\title_screen_bg.png",".png","1376549"
"BikeBrowserWorld__Assets__UI__ui_contact_sheet.png","C:\dev\bikebrowser\BikeBrowserWorld\Assets\UI\ui_contact_sheet.png",".png","152307"
"public__assets__ecology__animals__coyote.png","C:\dev\bikebrowser\public\assets\ecology\animals\coyote.png",".png","2848"
"public__assets__ecology__animals__elk.png","C:\dev\bikebrowser\public\assets\ecology\animals\elk.png",".png","3249"
"public__assets__ecology__animals__gila_monster.png","C:\dev\bikebrowser\public\assets\ecology\animals\gila_monster.png",".png","2359"
"public__assets__ecology__animals__hawk.png","C:\dev\bikebrowser\public\assets\ecology\animals\hawk.png",".png","2395"
"public__assets__ecology__animals__javelina.png","C:\dev\bikebrowser\public\assets\ecology\animals\javelina.png",".png","2239"
"public__assets__ecology__animals__kangaroo_rat.png","C:\dev\bikebrowser\public\assets\ecology\animals\kangaroo_rat.png",".png","2726"
"public__assets__ecology__animals__quail.png","C:\dev\bikebrowser\public\assets\ecology\animals\quail.png",".png","3421"
"public__assets__ecology__animals__rabbit.png","C:\dev\bikebrowser\public\assets\ecology\animals\rabbit.png",".png","3087"
"public__assets__ecology__animals__roadrunner.png","C:\dev\bikebrowser\public\assets\ecology\animals\roadrunner.png",".png","2954"
"public__assets__ecology__plants__agave.png","C:\dev\bikebrowser\public\assets\ecology\plants\agave.png",".png","4748"
"public__assets__ecology__plants__barrel_cactus.png","C:\dev\bikebrowser\public\assets\ecology\plants\barrel_cactus.png",".png","3473"
"public__assets__ecology__plants__creosote.png","C:\dev\bikebrowser\public\assets\ecology\plants\creosote.png",".png","3071"
"public__assets__ecology__plants__desert_lavender.png","C:\dev\bikebrowser\public\assets\ecology\plants\desert_lavender.png",".png","2750"
"public__assets__ecology__plants__ephedra.png","C:\dev\bikebrowser\public\assets\ecology\plants\ephedra.png",".png","4461"
"public__assets__ecology__plants__jojoba.png","C:\dev\bikebrowser\public\assets\ecology\plants\jojoba.png",".png","2839"
"public__assets__ecology__plants__juniper.png","C:\dev\bikebrowser\public\assets\ecology\plants\juniper.png",".png","2682"
"public__assets__ecology__plants__mesquite.png","C:\dev\bikebrowser\public\assets\ecology\plants\mesquite.png",".png","2677"
"public__assets__ecology__plants__palo_verde.png","C:\dev\bikebrowser\public\assets\ecology\plants\palo_verde.png",".png","4420"
"public__assets__ecology__plants__pinyon.png","C:\dev\bikebrowser\public\assets\ecology\plants\pinyon.png",".png","2980"
"public__assets__ecology__plants__prickly_pear.png","C:\dev\bikebrowser\public\assets\ecology\plants\prickly_pear.png",".png","2331"
"public__assets__ecology__plants__saguaro.png","C:\dev\bikebrowser\public\assets\ecology\plants\saguaro.png",".png","1473"
"public__assets__ecology__plants__yucca.png","C:\dev\bikebrowser\public\assets\ecology\plants\yucca.png",".png","3986"
"public__assets__ecology__terrain__desert_ground.png","C:\dev\bikebrowser\public\assets\ecology\terrain\desert_ground.png",".png","4089"
"public__assets__ecology__terrain__dry_wash.png","C:\dev\bikebrowser\public\assets\ecology\terrain\dry_wash.png",".png","3093"
"public__assets__ecology__terrain__rock.png","C:\dev\bikebrowser\public\assets\ecology\terrain\rock.png",".png","3246"
"public__assets__ecology__terrain__sand.png","C:\dev\bikebrowser\public\assets\ecology\terrain\sand.png",".png","3959"
"public__game__maps__neighborhood_world_v1.png","C:\dev\bikebrowser\public\game\maps\neighborhood_world_v1.png",".png","3325904"
"public__icons__icon-192.png","C:\dev\bikebrowser\public\icons\icon-192.png",".png","40122"
"public__icons__icon-512.png","C:\dev\bikebrowser\public\icons\icon-512.png",".png","152417"
